solid OpenSCAD_Model
  facet normal -0.7501110696304585 0.661311865323653 0
    outer loop
      vertex -15.410264855515788 12.748479794973793 6
      vertex -14.579372548428234 13.69094211857377 6
      vertex -15.410264855515788 12.748479794973793 0
    endloop
  endfacet
  facet normal -0.8270805742745633 0.5620833778521286 0
    outer loop
      vertex -16.8865585100403 10.716535899579933 6
      vertex -16.18033988749895 11.755705045849464 6
      vertex -16.8865585100403 10.716535899579933 0
    endloop
  endfacet
  facet normal -0.7901550123756907 0.612907053652976 3.737477454942537e-18
    outer loop
      vertex -15.410264855515788 12.748479794973793 6
      vertex -16.18033988749895 11.755705045849464 0
      vertex -16.18033988749895 11.755705045849464 6
    endloop
  endfacet
  facet normal -0.661311865323653 0.7501110696304585 0
    outer loop
      vertex -12.748479794973793 15.410264855515788 6
      vertex -12.748479794973793 15.410264855515788 0
      vertex -13.69094211857377 14.579372548428234 6
    endloop
  endfacet
  facet normal -0.612907053652976 0.7901550123756907 3.737477454942537e-18
    outer loop
      vertex -12.748479794973793 15.410264855515788 6
      vertex -11.755705045849464 16.18033988749895 6
      vertex -11.755705045849464 16.18033988749895 0
    endloop
  endfacet
  facet normal -0.5620833778521286 0.8270805742745633 3.021560347185622e-20
    outer loop
      vertex -11.755705045849464 16.18033988749895 6
      vertex -10.716535899579933 16.8865585100403 6
      vertex -10.716535899579933 16.8865585100403 0
    endloop
  endfacet
  facet normal -0.7071067811865475 0.7071067811865475 0
    outer loop
      vertex -14.579372548428234 13.69094211857377 6
      vertex -13.69094211857377 14.579372548428234 6
      vertex -14.579372548428234 13.69094211857377 0
    endloop
  endfacet
  facet normal 0 0 1
    outer loop
      vertex -17.52613360087727 9.635073482034308 6
      vertex -18.096541049320393 8.515585831301449 6
      vertex -17.52613360087727 -9.635073482034308 6
    endloop
  endfacet
  facet normal 0 0 1
    outer loop
      vertex -19.02113032590307 6.180339887498948 6
      vertex -19.37166322257262 4.973797743297097 6
      vertex -19.02113032590307 -6.180339887498948 6
    endloop
  endfacet
  facet normal 0 0 1
    outer loop
      vertex -19.645745014573773 3.7476262917144965 6
      vertex -19.842294026289558 2.506664671286081 6
      vertex -19.645745014573773 -3.7476262917144965 6
    endloop
  endfacet
  facet normal 0 0 1
    outer loop
      vertex -19.37166322257262 4.973797743297097 6
      vertex -19.645745014573773 3.7476262917144965 6
      vertex -19.37166322257262 -4.973797743297097 6
    endloop
  endfacet
  facet normal 0 0 1
    outer loop
      vertex -19.842294026289558 2.506664671286081 6
      vertex -19.960534568565432 1.2558103905862654 6
      vertex -19.842294026289558 -2.506664671286081 6
    endloop
  endfacet
  facet normal 0 0 1
    outer loop
      vertex -19.02113032590307 6.180339887498948 6
      vertex -18.59552971776503 -7.3624910536935575 6
      vertex -18.59552971776503 7.3624910536935575 6
    endloop
  endfacet
  facet normal 0 0 1
    outer loop
      vertex -18.096541049320393 8.515585831301449 6
      vertex -18.59552971776503 7.3624910536935575 6
      vertex -18.096541049320393 -8.515585831301449 6
    endloop
  endfacet
  facet normal 0 0 1
    outer loop
      vertex -16.8865585100403 10.716535899579933 6
      vertex -17.52613360087727 9.635073482034308 6
      vertex -16.8865585100403 -10.716535899579933 6
    endloop
  endfacet
  facet normal 0 0 1
    outer loop
      vertex -16.8865585100403 10.716535899579933 6
      vertex -16.18033988749895 -11.755705045849464 6
      vertex -16.18033988749895 11.755705045849464 6
    endloop
  endfacet
  facet normal 0 0 1
    outer loop
      vertex -15.410264855515788 12.748479794973793 6
      vertex -16.18033988749895 11.755705045849464 6
      vertex -15.410264855515788 -12.748479794973793 6
    endloop
  endfacet
  facet normal 0 0 1
    outer loop
      vertex -12.748479794973793 15.410264855515788 6
      vertex -11.755705045849464 -16.18033988749895 6
      vertex -11.755705045849464 16.18033988749895 6
    endloop
  endfacet
  facet normal 0 0 1
    outer loop
      vertex -11.755705045849464 16.18033988749895 6
      vertex -10.716535899579933 -16.8865585100403 6
      vertex -10.716535899579933 16.8865585100403 6
    endloop
  endfacet
  facet normal 0 0 1
    outer loop
      vertex -15.410264855515788 12.748479794973793 6
      vertex -14.579372548428234 -13.69094211857377 6
      vertex -14.579372548428234 13.69094211857377 6
    endloop
  endfacet
  facet normal 0 0 1
    outer loop
      vertex -14.579372548428234 13.69094211857377 6
      vertex -13.69094211857377 -14.579372548428234 6
      vertex -13.69094211857377 14.579372548428234 6
    endloop
  endfacet
  facet normal 0 0 1
    outer loop
      vertex -12.748479794973793 15.410264855515788 6
      vertex -13.69094211857377 14.579372548428234 6
      vertex -12.748479794973793 -15.410264855515788 6
    endloop
  endfacet
  facet normal -0.8910065241883673 0.4539904997395479 2.849825538463631e-18
    outer loop
      vertex -17.52613360087727 9.635073482034308 6
      vertex -18.096541049320393 8.515585831301449 0
      vertex -18.096541049320393 8.515585831301449 6
    endloop
  endfacet
  facet normal -0.9177546256839815 0.39714789063477995 -1.938725907500108e-18
    outer loop
      vertex -18.096541049320393 8.515585831301449 6
      vertex -18.59552971776503 7.3624910536935575 0
      vertex -18.59552971776503 7.3624910536935575 6
    endloop
  endfacet
  facet normal -0.940880768954226 0.33873792024528976 0
    outer loop
      vertex -19.02113032590307 6.180339887498948 6
      vertex -18.59552971776503 7.3624910536935575 6
      vertex -19.02113032590307 6.180339887498948 0
    endloop
  endfacet
  facet normal -0.9602936856769426 0.2789911060392305 3.1670439687933123e-18
    outer loop
      vertex -19.02113032590307 6.180339887498948 6
      vertex -19.37166322257262 4.973797743297097 0
      vertex -19.37166322257262 4.973797743297097 6
    endloop
  endfacet
  facet normal -0.8607420270039431 0.5090414157503723 -4.7025277337881674e-18
    outer loop
      vertex -16.8865585100403 10.716535899579933 6
      vertex -17.52613360087727 9.635073482034308 0
      vertex -17.52613360087727 9.635073482034308 6
    endloop
  endfacet
  facet normal -0.9759167619387472 0.21814324139654326 -2.300823932183307e-18
    outer loop
      vertex -19.37166322257262 4.973797743297097 6
      vertex -19.645745014573773 3.7476262917144965 0
      vertex -19.645745014573773 3.7476262917144965 6
    endloop
  endfacet
  facet normal -0.9876883405951377 0.1564344650402314 -6.164428134692783e-20
    outer loop
      vertex -19.645745014573773 3.7476262917144965 6
      vertex -19.842294026289558 2.506664671286081 0
      vertex -19.842294026289558 2.506664671286081 6
    endloop
  endfacet
  facet normal -0.9955619646030801 0.09410831331851403 -3.177391459032684e-19
    outer loop
      vertex -19.842294026289558 2.506664671286081 6
      vertex -19.960534568565432 1.2558103905862654 0
      vertex -19.960534568565432 1.2558103905862654 6
    endloop
  endfacet
  facet normal -0.9995065603657316 0.03141075907812769 -7.19355318367834e-20
    outer loop
      vertex -19.960534568565432 1.2558103905862654 6
      vertex -20 0 0
      vertex -20 0 6
    endloop
  endfacet
  facet normal 0 0 1
    outer loop
      vertex -6.180339887498948 19.02113032590307 6
      vertex -4.874327391109059 3.541406145062151 6
      vertex -4.973797743297097 19.37166322257262 6
    endloop
  endfacet
  facet normal 0 0 1
    outer loop
      vertex -3.7476262917144965 19.645745014573773 6
      vertex -2.2179504299251844 5.601903327476715 6
      vertex -2.506664671286081 19.842294026289558 6
    endloop
  endfacet
  facet normal 0 0 1
    outer loop
      vertex -2.506664671286081 19.842294026289558 6
      vertex -1.1289724203789921 5.918280685640349 6
      vertex -1.2558103905862752 19.960534568565432 6
    endloop
  endfacet
  facet normal 0 0 1
    outer loop
      vertex -1.2558103905862752 19.960534568565432 6
      vertex 0 6.025 6
      vertex 0 20 6
    endloop
  endfacet
  facet normal 0 0 1
    outer loop
      vertex -4.973797743297097 19.37166322257262 6
      vertex -3.541406145062151 4.874327391109059 6
      vertex -3.7476262917144965 19.645745014573773 6
    endloop
  endfacet
  facet normal 0 0 1
    outer loop
      vertex -3.7476262917144965 19.645745014573773 6
      vertex -3.228356439748455 5.087075751149641 6
      vertex -2.902565886462835 5.2797477472642775 6
    endloop
  endfacet
  facet normal 0 0 1
    outer loop
      vertex -3.7476262917144965 19.645745014573773 6
      vertex -2.902565886462835 5.2797477472642775 6
      vertex -2.5653202316795616 5.4515829911077684 6
    endloop
  endfacet
  facet normal 0 0 1
    outer loop
      vertex -3.7476262917144965 19.645745014573773 6
      vertex -2.5653202316795616 5.4515829911077684 6
      vertex -2.2179504299251844 5.601903327476715 6
    endloop
  endfacet
  facet normal 0 0 1
    outer loop
      vertex -2.506664671286081 19.842294026289558 6
      vertex -2.2179504299251844 5.601903327476715 6
      vertex -1.8618273911090581 5.7301155106783 6
    endloop
  endfacet
  facet normal 0 0 1
    outer loop
      vertex -2.506664671286081 19.842294026289558 6
      vertex -1.8618273911090581 5.7301155106783 6
      vertex -1.4983565701682506 5.835713545800003 6
    endloop
  endfacet
  facet normal 0 0 1
    outer loop
      vertex -2.506664671286081 19.842294026289558 6
      vertex -1.4983565701682506 5.835713545800003 6
      vertex -1.1289724203789921 5.918280685640349 6
    endloop
  endfacet
  facet normal 0 0 1
    outer loop
      vertex -1.2558103905862752 19.960534568565432 6
      vertex -0.755132732224932 5.97749107541973 6
      vertex -0.37831288016411546 6.013111038780337 6
    endloop
  endfacet
  facet normal 0 0 1
    outer loop
      vertex -1.2558103905862752 19.960534568565432 6
      vertex -1.1289724203789921 5.918280685640349 6
      vertex -0.755132732224932 5.97749107541973 6
    endloop
  endfacet
  facet normal 0 0 1
    outer loop
      vertex -1.2558103905862752 19.960534568565432 6
      vertex -0.37831288016411546 6.013111038780337 6
      vertex 0 6.025 6
    endloop
  endfacet
  facet normal -0.4539904997395479 0.8910065241883673 2.849825538463631e-18
    outer loop
      vertex -9.635073482034308 17.52613360087727 6
      vertex -8.515585831301449 18.096541049320393 6
      vertex -8.515585831301449 18.096541049320393 0
    endloop
  endfacet
  facet normal -0.39714789063477995 0.9177546256839815 -1.938725907500108e-18
    outer loop
      vertex -8.515585831301449 18.096541049320393 6
      vertex -7.3624910536935575 18.59552971776503 6
      vertex -7.3624910536935575 18.59552971776503 0
    endloop
  endfacet
  facet normal -0.5090414157503723 0.8607420270039431 -4.7025277337881674e-18
    outer loop
      vertex -10.716535899579933 16.8865585100403 6
      vertex -9.635073482034308 17.52613360087727 6
      vertex -9.635073482034308 17.52613360087727 0
    endloop
  endfacet
  facet normal -0.33873792024528976 0.940880768954226 7.01973041431927e-18
    outer loop
      vertex -7.3624910536935575 18.59552971776503 6
      vertex -6.180339887498948 19.02113032590307 6
      vertex -6.180339887498948 19.02113032590307 0
    endloop
  endfacet
  facet normal -0.2789911060392305 0.9602936856769426 3.1670439687933123e-18
    outer loop
      vertex -6.180339887498948 19.02113032590307 6
      vertex -4.973797743297097 19.37166322257262 6
      vertex -4.973797743297097 19.37166322257262 0
    endloop
  endfacet
  facet normal -0.21814324139654326 0.9759167619387472 -2.300823932183307e-18
    outer loop
      vertex -4.973797743297097 19.37166322257262 6
      vertex -3.7476262917144965 19.645745014573773 6
      vertex -3.7476262917144965 19.645745014573773 0
    endloop
  endfacet
  facet normal -0.1564344650402314 0.9876883405951377 -6.164428134692783e-20
    outer loop
      vertex -3.7476262917144965 19.645745014573773 6
      vertex -2.506664671286081 19.842294026289558 6
      vertex -2.506664671286081 19.842294026289558 0
    endloop
  endfacet
  facet normal -0.09410831331851476 0.9955619646030799 1.0788759990907837e-18
    outer loop
      vertex -2.506664671286081 19.842294026289558 6
      vertex -1.2558103905862752 19.960534568565432 6
      vertex -1.2558103905862752 19.960534568565432 0
    endloop
  endfacet
  facet normal -0.03141075907812744 0.9995065603657315 4.502614754358588e-19
    outer loop
      vertex -1.2558103905862752 19.960534568565432 6
      vertex 0 20 6
      vertex 0 20 0
    endloop
  endfacet
  facet normal 0 0 1
    outer loop
      vertex -10.716535899579933 16.8865585100403 6
      vertex -9.635073482034304 -17.526133600877273 6
      vertex -9.635073482034308 17.52613360087727 6
    endloop
  endfacet
  facet normal 0 0 1
    outer loop
      vertex -9.635073482034308 17.52613360087727 6
      vertex -8.515585831301454 -18.09654104932039 6
      vertex -8.515585831301449 18.096541049320393 6
    endloop
  endfacet
  facet normal 0 0 1
    outer loop
      vertex -8.515585831301449 18.096541049320393 6
      vertex -7.3624910536935575 -18.59552971776503 6
      vertex -7.3624910536935575 18.59552971776503 6
    endloop
  endfacet
  facet normal 0 0 1
    outer loop
      vertex -6.180339887498948 19.02113032590307 6
      vertex -5.4515829911077684 2.5653202316795616 6
      vertex -5.2797477472642775 2.902565886462835 6
    endloop
  endfacet
  facet normal 0 0 1
    outer loop
      vertex -6.180339887498948 19.02113032590307 6
      vertex -5.601903327476715 2.2179504299251844 6
      vertex -5.4515829911077684 2.5653202316795616 6
    endloop
  endfacet
  facet normal 0 0 1
    outer loop
      vertex -6.180339887498948 19.02113032590307 6
      vertex -5.7301155106783 1.8618273911090581 6
      vertex -5.601903327476715 2.2179504299251844 6
    endloop
  endfacet
  facet normal 0 0 1
    outer loop
      vertex -6.180339887498948 19.02113032590307 6
      vertex -5.087075751149641 3.228356439748455 6
      vertex -4.874327391109059 3.541406145062151 6
    endloop
  endfacet
  facet normal 0 0 1
    outer loop
      vertex -6.180339887498948 19.02113032590307 6
      vertex -5.2797477472642775 2.902565886462835 6
      vertex -5.087075751149641 3.228356439748455 6
    endloop
  endfacet
  facet normal 0 0 1
    outer loop
      vertex -7.3624910536935575 18.59552971776503 6
      vertex -6.180339887498948 -19.02113032590307 6
      vertex -6.180339887498948 19.02113032590307 6
    endloop
  endfacet
  facet normal 0 0 1
    outer loop
      vertex -6.180339887498948 19.02113032590307 6
      vertex -5.918280685640349 1.1289724203789921 6
      vertex -5.835713545800003 1.4983565701682506 6
    endloop
  endfacet
  facet normal 0 0 1
    outer loop
      vertex -6.180339887498948 19.02113032590307 6
      vertex -5.97749107541973 0.755132732224932 6
      vertex -5.918280685640349 1.1289724203789921 6
    endloop
  endfacet
  facet normal 0 0 1
    outer loop
      vertex -6.180339887498948 19.02113032590307 6
      vertex -5.835713545800003 1.4983565701682506 6
      vertex -5.7301155106783 1.8618273911090581 6
    endloop
  endfacet
  facet normal 0 0 1
    outer loop
      vertex -6.180339887498948 19.02113032590307 6
      vertex -6.013111038780337 0.3783128801641125 6
      vertex -5.97749107541973 0.755132732224932 6
    endloop
  endfacet
  facet normal 0 0 1
    outer loop
      vertex -6.180339887498948 19.02113032590307 6
      vertex -6.025 0 6
      vertex -6.013111038780337 0.3783128801641125 6
    endloop
  endfacet
  facet normal 0 0 1
    outer loop
      vertex -4.973797743297097 19.37166322257262 6
      vertex -4.874327391109059 3.541406145062151 6
      vertex -4.642342287724131 3.840479538235855 6
    endloop
  endfacet
  facet normal 0 0 1
    outer loop
      vertex -4.973797743297097 19.37166322257262 6
      vertex -4.642342287724131 3.840479538235855 6
      vertex -4.392035980214006 4.124396313220348 6
    endloop
  endfacet
  facet normal 0 0 1
    outer loop
      vertex -4.973797743297097 19.37166322257262 6
      vertex -4.392035980214006 4.124396313220348 6
      vertex -4.124396313220348 4.392035980214006 6
    endloop
  endfacet
  facet normal 0 0 1
    outer loop
      vertex -4.973797743297097 19.37166322257262 6
      vertex -4.124396313220348 4.392035980214006 6
      vertex -3.840479538235855 4.642342287724131 6
    endloop
  endfacet
  facet normal 0 0 1
    outer loop
      vertex -4.973797743297097 19.37166322257262 6
      vertex -3.840479538235855 4.642342287724131 6
      vertex -3.541406145062151 4.874327391109059 6
    endloop
  endfacet
  facet normal 0 0 1
    outer loop
      vertex -3.7476262917144965 19.645745014573773 6
      vertex -3.541406145062151 4.874327391109059 6
      vertex -3.228356439748455 5.087075751149641 6
    endloop
  endfacet
  facet normal -0.8270805742745633 0.5620833778521286 0
    outer loop
      vertex -16.18033988749895 11.755705045849464 6
      vertex -16.18033988749895 11.755705045849464 0
      vertex -16.8865585100403 10.716535899579933 0
    endloop
  endfacet
  facet normal -0.8607420270039431 0.5090414157503723 0
    outer loop
      vertex -16.8865585100403 10.716535899579933 6
      vertex -16.8865585100403 10.716535899579933 0
      vertex -17.52613360087727 9.635073482034308 0
    endloop
  endfacet
  facet normal -0.7901550123756907 0.612907053652976 0
    outer loop
      vertex -15.410264855515788 12.748479794973793 6
      vertex -15.410264855515788 12.748479794973793 0
      vertex -16.18033988749895 11.755705045849464 0
    endloop
  endfacet
  facet normal -0.5620833778521286 0.8270805742745633 0
    outer loop
      vertex -11.755705045849464 16.18033988749895 6
      vertex -10.716535899579933 16.8865585100403 0
      vertex -11.755705045849464 16.18033988749895 0
    endloop
  endfacet
  facet normal -0.612907053652976 0.7901550123756907 0
    outer loop
      vertex -12.748479794973793 15.410264855515788 6
      vertex -11.755705045849464 16.18033988749895 0
      vertex -12.748479794973793 15.410264855515788 0
    endloop
  endfacet
  facet normal -0.5090414157503723 0.8607420270039431 0
    outer loop
      vertex -10.716535899579933 16.8865585100403 6
      vertex -9.635073482034308 17.52613360087727 0
      vertex -10.716535899579933 16.8865585100403 0
    endloop
  endfacet
  facet normal -0.7071067811865475 0.7071067811865475 0
    outer loop
      vertex -13.69094211857377 14.579372548428234 6
      vertex -13.69094211857377 14.579372548428234 0
      vertex -14.579372548428234 13.69094211857377 0
    endloop
  endfacet
  facet normal -0.7501110696304585 0.661311865323653 0
    outer loop
      vertex -14.579372548428234 13.69094211857377 6
      vertex -14.579372548428234 13.69094211857377 0
      vertex -15.410264855515788 12.748479794973793 0
    endloop
  endfacet
  facet normal -0.661311865323653 0.7501110696304585 0
    outer loop
      vertex -13.69094211857377 14.579372548428234 6
      vertex -12.748479794973793 15.410264855515788 0
      vertex -13.69094211857377 14.579372548428234 0
    endloop
  endfacet
  facet normal -0.8910065241883673 0.4539904997395479 0
    outer loop
      vertex -17.52613360087727 9.635073482034308 6
      vertex -17.52613360087727 9.635073482034308 0
      vertex -18.096541049320393 8.515585831301449 0
    endloop
  endfacet
  facet normal -0.9177546256839815 0.39714789063477995 0
    outer loop
      vertex -18.096541049320393 8.515585831301449 6
      vertex -18.096541049320393 8.515585831301449 0
      vertex -18.59552971776503 7.3624910536935575 0
    endloop
  endfacet
  facet normal -0.9602936856769426 0.2789911060392305 0
    outer loop
      vertex -19.02113032590307 6.180339887498948 6
      vertex -19.02113032590307 6.180339887498948 0
      vertex -19.37166322257262 4.973797743297097 0
    endloop
  endfacet
  facet normal -0.940880768954226 0.33873792024528976 0
    outer loop
      vertex -18.59552971776503 7.3624910536935575 6
      vertex -18.59552971776503 7.3624910536935575 0
      vertex -19.02113032590307 6.180339887498948 0
    endloop
  endfacet
  facet normal -0.9759167619387472 0.21814324139654326 0
    outer loop
      vertex -19.37166322257262 4.973797743297097 6
      vertex -19.37166322257262 4.973797743297097 0
      vertex -19.645745014573773 3.7476262917144965 0
    endloop
  endfacet
  facet normal -0.9876883405951377 0.1564344650402314 0
    outer loop
      vertex -19.645745014573773 3.7476262917144965 6
      vertex -19.645745014573773 3.7476262917144965 0
      vertex -19.842294026289558 2.506664671286081 0
    endloop
  endfacet
  facet normal -0.9955619646030801 0.09410831331851403 0
    outer loop
      vertex -19.842294026289558 2.506664671286081 6
      vertex -19.842294026289558 2.506664671286081 0
      vertex -19.960534568565432 1.2558103905862654 0
    endloop
  endfacet
  facet normal -0.9995065603657316 0.03141075907812769 0
    outer loop
      vertex -19.960534568565432 1.2558103905862654 6
      vertex -19.960534568565432 1.2558103905862654 0
      vertex -20 0 0
    endloop
  endfacet
  facet normal 0 0 -1
    outer loop
      vertex -18.096541049320393 8.515585831301449 0
      vertex -18.59552971776503 -7.3624910536935575 0
      vertex -18.59552971776503 7.3624910536935575 0
    endloop
  endfacet
  facet normal 0 0 -1
    outer loop
      vertex -17.52613360087727 9.635073482034308 0
      vertex -18.096541049320393 -8.515585831301449 0
      vertex -18.096541049320393 8.515585831301449 0
    endloop
  endfacet
  facet normal 0 0 -1
    outer loop
      vertex -19.37166322257262 4.973797743297097 0
      vertex -19.645745014573773 -3.7476262917144965 0
      vertex -19.645745014573773 3.7476262917144965 0
    endloop
  endfacet
  facet normal 0 0 -1
    outer loop
      vertex -19.02113032590307 6.180339887498948 0
      vertex -19.37166322257262 -4.973797743297097 0
      vertex -19.37166322257262 4.973797743297097 0
    endloop
  endfacet
  facet normal 0 0 -1
    outer loop
      vertex -19.02113032590307 6.180339887498948 0
      vertex -18.59552971776503 7.3624910536935575 0
      vertex -19.02113032590307 -6.180339887498948 0
    endloop
  endfacet
  facet normal 0 0 -1
    outer loop
      vertex -19.645745014573773 3.7476262917144965 0
      vertex -19.842294026289558 -2.506664671286081 0
      vertex -19.842294026289558 2.506664671286081 0
    endloop
  endfacet
  facet normal 0 0 -1
    outer loop
      vertex -19.842294026289558 2.506664671286081 0
      vertex -19.960534568565432 -1.2558103905862654 0
      vertex -19.960534568565432 1.2558103905862654 0
    endloop
  endfacet
  facet normal 0 0 -1
    outer loop
      vertex -16.8865585100403 10.716535899579933 0
      vertex -16.18033988749895 11.755705045849464 0
      vertex -16.8865585100403 -10.716535899579933 0
    endloop
  endfacet
  facet normal 0 0 -1
    outer loop
      vertex -16.8865585100403 10.716535899579933 0
      vertex -17.52613360087727 -9.635073482034308 0
      vertex -17.52613360087727 9.635073482034308 0
    endloop
  endfacet
  facet normal 0 0 -1
    outer loop
      vertex -15.410264855515788 12.748479794973793 0
      vertex -16.18033988749895 -11.755705045849464 0
      vertex -16.18033988749895 11.755705045849464 0
    endloop
  endfacet
  facet normal 0 0 -1
    outer loop
      vertex -15.410264855515788 12.748479794973793 0
      vertex -14.579372548428234 13.69094211857377 0
      vertex -15.410264855515788 -12.748479794973793 0
    endloop
  endfacet
  facet normal 0 0 -1
    outer loop
      vertex -12.748479794973793 15.410264855515788 0
      vertex -13.69094211857377 -14.579372548428234 0
      vertex -13.69094211857377 14.579372548428234 0
    endloop
  endfacet
  facet normal 0 0 -1
    outer loop
      vertex -12.748479794973793 15.410264855515788 0
      vertex -11.755705045849464 16.18033988749895 0
      vertex -12.748479794973793 -15.410264855515788 0
    endloop
  endfacet
  facet normal 0 0 -1
    outer loop
      vertex -11.755705045849464 16.18033988749895 0
      vertex -10.716535899579933 16.8865585100403 0
      vertex -11.755705045849464 -16.18033988749895 0
    endloop
  endfacet
  facet normal 0 0 -1
    outer loop
      vertex -10.716535899579933 16.8865585100403 0
      vertex -9.635073482034308 17.52613360087727 0
      vertex -10.716535899579933 -16.8865585100403 0
    endloop
  endfacet
  facet normal 0 0 -1
    outer loop
      vertex -14.579372548428234 13.69094211857377 0
      vertex -13.69094211857377 14.579372548428234 0
      vertex -14.579372548428234 -13.69094211857377 0
    endloop
  endfacet
  facet normal -0.4539904997395479 0.8910065241883673 0
    outer loop
      vertex -9.635073482034308 17.52613360087727 6
      vertex -8.515585831301449 18.096541049320393 0
      vertex -9.635073482034308 17.52613360087727 0
    endloop
  endfacet
  facet normal -0.39714789063477995 0.9177546256839815 0
    outer loop
      vertex -8.515585831301449 18.096541049320393 6
      vertex -7.3624910536935575 18.59552971776503 0
      vertex -8.515585831301449 18.096541049320393 0
    endloop
  endfacet
  facet normal -0.33873792024528976 0.940880768954226 0
    outer loop
      vertex -7.3624910536935575 18.59552971776503 6
      vertex -6.180339887498948 19.02113032590307 0
      vertex -7.3624910536935575 18.59552971776503 0
    endloop
  endfacet
  facet normal -0.2789911060392305 0.9602936856769426 0
    outer loop
      vertex -6.180339887498948 19.02113032590307 6
      vertex -4.973797743297097 19.37166322257262 0
      vertex -6.180339887498948 19.02113032590307 0
    endloop
  endfacet
  facet normal -0.21814324139654326 0.9759167619387472 0
    outer loop
      vertex -4.973797743297097 19.37166322257262 6
      vertex -3.7476262917144965 19.645745014573773 0
      vertex -4.973797743297097 19.37166322257262 0
    endloop
  endfacet
  facet normal -0.1564344650402314 0.9876883405951377 0
    outer loop
      vertex -3.7476262917144965 19.645745014573773 6
      vertex -2.506664671286081 19.842294026289558 0
      vertex -3.7476262917144965 19.645745014573773 0
    endloop
  endfacet
  facet normal -0.09410831331851476 0.9955619646030799 0
    outer loop
      vertex -2.506664671286081 19.842294026289558 6
      vertex -1.2558103905862752 19.960534568565432 0
      vertex -2.506664671286081 19.842294026289558 0
    endloop
  endfacet
  facet normal -0.03141075907812744 0.9995065603657315 0
    outer loop
      vertex -1.2558103905862752 19.960534568565432 6
      vertex 0 20 0
      vertex -1.2558103905862752 19.960534568565432 0
    endloop
  endfacet
  facet normal 0 0 -1
    outer loop
      vertex -9.635073482034308 17.52613360087727 0
      vertex -8.515585831301449 18.096541049320393 0
      vertex -8.989987500011921 4.083200000226498 0
    endloop
  endfacet
  facet normal 0 0 -1
    outer loop
      vertex -7.3624910536935575 18.59552971776503 0
      vertex -6.180339887498948 19.02113032590307 0
      vertex -8.989987500011921 4.083200000226498 0
    endloop
  endfacet
  facet normal 0 0 -1
    outer loop
      vertex -8.515585831301449 18.096541049320393 0
      vertex -7.3624910536935575 18.59552971776503 0
      vertex -8.989987500011921 4.083200000226498 0
    endloop
  endfacet
  facet normal 0 0 -1
    outer loop
      vertex -6.180339887498948 19.02113032590307 0
      vertex -4.973797743297097 19.37166322257262 0
      vertex -8.989987500011921 4.083200000226498 0
    endloop
  endfacet
  facet normal 0 0 -1
    outer loop
      vertex -4.973797743297097 19.37166322257262 0
      vertex -3.7476262917144965 19.645745014573773 0
      vertex -4.397437497973442 4.083200000226498 0
    endloop
  endfacet
  facet normal 0 0 -1
    outer loop
      vertex -3.7476262917144965 19.645745014573773 0
      vertex -2.506664671286081 19.842294026289558 0
      vertex -3.196762502193451 4.083200000226498 0
    endloop
  endfacet
  facet normal 0 0 -1
    outer loop
      vertex -2.506664671286081 19.842294026289558 0
      vertex -1.2558103905862752 19.960534568565432 0
      vertex -3.196762502193451 4.083200000226498 0
    endloop
  endfacet
  facet normal 0 0 -1
    outer loop
      vertex -1.2558103905862752 19.960534568565432 0
      vertex 0 20 0
      vertex -3.196762502193451 4.083200000226498 0
    endloop
  endfacet
  facet normal 0 0 -1
    outer loop
      vertex 0 20 0
      vertex 1.2558103905862752 19.960534568565432 0
      vertex -3.196762502193451 4.083200000226498 0
    endloop
  endfacet
  facet normal 0 0 -1
    outer loop
      vertex -9.635073482034308 17.52613360087727 0
      vertex -9.144495993852615 4.058728255331516 0
      vertex -9.489987500011921 3.5832000002264977 0
    endloop
  endfacet
  facet normal 0 0 -1
    outer loop
      vertex -9.635073482034308 17.52613360087727 0
      vertex -8.989987500011921 4.083200000226498 0
      vertex -9.144495993852615 4.058728255331516 0
    endloop
  endfacet
  facet normal 0 0 -1
    outer loop
      vertex -4.973797743297097 19.37166322257262 0
      vertex -4.397437497973442 4.083200000226498 0
      vertex -8.989987500011921 4.083200000226498 0
    endloop
  endfacet
  facet normal 0 0 -1
    outer loop
      vertex -9.635073482034308 17.52613360087727 0
      vertex -9.489987500011921 3.5832000002264977 0
      vertex -9.635073482034304 -17.526133600877273 0
    endloop
  endfacet
  facet normal 0 0 -1
    outer loop
      vertex -3.7476262917144965 19.645745014573773 0
      vertex -3.9219092428684235 3.737708494067192 0
      vertex -4.397437497973442 4.083200000226498 0
    endloop
  endfacet
  facet normal 0 0 -1
    outer loop
      vertex -3.7476262917144965 19.645745014573773 0
      vertex -3.897437497973442 3.5832000002264977 0
      vertex -3.9219092428684235 3.737708494067192 0
    endloop
  endfacet
  facet normal 0 0 -1
    outer loop
      vertex -3.7476262917144965 19.645745014573773 0
      vertex -3.897437497973442 2.789774999022484 0
      vertex -3.897437497973442 3.5832000002264977 0
    endloop
  endfacet
  facet normal 0 0 -1
    outer loop
      vertex -3.7476262917144965 19.645745014573773 0
      vertex -3.3512709960341454 4.058728255331516 0
      vertex -3.696762502193451 3.5832000002264977 0
    endloop
  endfacet
  facet normal 0 0 -1
    outer loop
      vertex -3.7476262917144965 19.645745014573773 0
      vertex -3.196762502193451 4.083200000226498 0
      vertex -3.3512709960341454 4.058728255331516 0
    endloop
  endfacet
  facet normal 0 0 -1
    outer loop
      vertex -3.7476262917144965 19.645745014573773 0
      vertex -3.7476262917144916 -19.645745014573773 0
      vertex -3.897437497973442 2.789774999022484 0
    endloop
  endfacet
  facet normal 0 0 -1
    outer loop
      vertex -3.7476262917144965 19.645745014573773 0
      vertex -3.696762502193451 3.5832000002264977 0
      vertex -3.7476262917144916 -19.645745014573773 0
    endloop
  endfacet
  facet normal 0 0 -1
    outer loop
      vertex 2.448562502861023 2.289774999022484 0
      vertex -1.7253625020384789 0.7925750017166138 0
      vertex -1.7253625020384789 2.289774999022484 0
    endloop
  endfacet
  facet normal 0 0 1
    outer loop
      vertex -19.960534568565432 1.2558103905862654 6
      vertex -20 0 6
      vertex -19.960534568565432 -1.2558103905862654 6
    endloop
  endfacet
  facet normal 0 0 1
    outer loop
      vertex -19.960534568565432 1.2558103905862654 6
      vertex -19.960534568565432 -1.2558103905862654 6
      vertex -19.842294026289558 -2.506664671286081 6
    endloop
  endfacet
  facet normal 0 0 1
    outer loop
      vertex -19.842294026289558 2.506664671286081 6
      vertex -19.842294026289558 -2.506664671286081 6
      vertex -19.645745014573773 -3.7476262917144965 6
    endloop
  endfacet
  facet normal 0 0 1
    outer loop
      vertex -19.645745014573773 3.7476262917144965 6
      vertex -19.645745014573773 -3.7476262917144965 6
      vertex -19.37166322257262 -4.973797743297097 6
    endloop
  endfacet
  facet normal 0 0 1
    outer loop
      vertex -19.37166322257262 4.973797743297097 6
      vertex -19.37166322257262 -4.973797743297097 6
      vertex -19.02113032590307 -6.180339887498948 6
    endloop
  endfacet
  facet normal 0 0 1
    outer loop
      vertex -19.02113032590307 6.180339887498948 6
      vertex -19.02113032590307 -6.180339887498948 6
      vertex -18.59552971776503 -7.3624910536935575 6
    endloop
  endfacet
  facet normal 0 0 1
    outer loop
      vertex -18.59552971776503 7.3624910536935575 6
      vertex -18.59552971776503 -7.3624910536935575 6
      vertex -18.096541049320393 -8.515585831301449 6
    endloop
  endfacet
  facet normal 0 0 1
    outer loop
      vertex -18.096541049320393 8.515585831301449 6
      vertex -18.096541049320393 -8.515585831301449 6
      vertex -17.52613360087727 -9.635073482034308 6
    endloop
  endfacet
  facet normal 0 0 1
    outer loop
      vertex -17.52613360087727 9.635073482034308 6
      vertex -17.52613360087727 -9.635073482034308 6
      vertex -16.8865585100403 -10.716535899579933 6
    endloop
  endfacet
  facet normal 0 0 1
    outer loop
      vertex -16.8865585100403 10.716535899579933 6
      vertex -16.8865585100403 -10.716535899579933 6
      vertex -16.18033988749895 -11.755705045849464 6
    endloop
  endfacet
  facet normal 0 0 1
    outer loop
      vertex -16.18033988749895 11.755705045849464 6
      vertex -16.18033988749895 -11.755705045849464 6
      vertex -15.410264855515788 -12.748479794973793 6
    endloop
  endfacet
  facet normal 0 0 1
    outer loop
      vertex -15.410264855515788 12.748479794973793 6
      vertex -15.410264855515788 -12.748479794973793 6
      vertex -14.579372548428234 -13.69094211857377 6
    endloop
  endfacet
  facet normal 0 0 1
    outer loop
      vertex -14.579372548428234 13.69094211857377 6
      vertex -14.579372548428234 -13.69094211857377 6
      vertex -13.69094211857377 -14.579372548428234 6
    endloop
  endfacet
  facet normal 0 0 1
    outer loop
      vertex -13.69094211857377 14.579372548428234 6
      vertex -13.69094211857377 -14.579372548428234 6
      vertex -12.748479794973793 -15.410264855515788 6
    endloop
  endfacet
  facet normal 0 0 1
    outer loop
      vertex -12.748479794973793 15.410264855515788 6
      vertex -12.748479794973793 -15.410264855515788 6
      vertex -11.755705045849464 -16.18033988749895 6
    endloop
  endfacet
  facet normal 0 0 1
    outer loop
      vertex -11.755705045849464 16.18033988749895 6
      vertex -11.755705045849464 -16.18033988749895 6
      vertex -10.716535899579933 -16.8865585100403 6
    endloop
  endfacet
  facet normal 0 0 1
    outer loop
      vertex -10.716535899579933 16.8865585100403 6
      vertex -10.716535899579933 -16.8865585100403 6
      vertex -9.635073482034304 -17.526133600877273 6
    endloop
  endfacet
  facet normal -0.9995065603657316 -0.03141075907812769 7.19355318367834e-20
    outer loop
      vertex -20 0 6
      vertex -19.960534568565432 -1.2558103905862654 0
      vertex -19.960534568565432 -1.2558103905862654 6
    endloop
  endfacet
  facet normal -0.9955619646030801 -0.09410831331851403 3.177391459032684e-19
    outer loop
      vertex -19.960534568565432 -1.2558103905862654 6
      vertex -19.842294026289558 -2.506664671286081 0
      vertex -19.842294026289558 -2.506664671286081 6
    endloop
  endfacet
  facet normal -0.9876883405951377 -0.1564344650402314 6.164428134692783e-20
    outer loop
      vertex -19.842294026289558 -2.506664671286081 6
      vertex -19.645745014573773 -3.7476262917144965 0
      vertex -19.645745014573773 -3.7476262917144965 6
    endloop
  endfacet
  facet normal -0.9759167619387472 -0.21814324139654326 2.300823932183307e-18
    outer loop
      vertex -19.645745014573773 -3.7476262917144965 6
      vertex -19.37166322257262 -4.973797743297097 0
      vertex -19.37166322257262 -4.973797743297097 6
    endloop
  endfacet
  facet normal -0.9602936856769426 -0.2789911060392305 -3.1670439687933123e-18
    outer loop
      vertex -19.37166322257262 -4.973797743297097 6
      vertex -19.02113032590307 -6.180339887498948 0
      vertex -19.02113032590307 -6.180339887498948 6
    endloop
  endfacet
  facet normal -0.940880768954226 -0.33873792024528976 -7.01973041431927e-18
    outer loop
      vertex -19.02113032590307 -6.180339887498948 6
      vertex -18.59552971776503 -7.3624910536935575 0
      vertex -18.59552971776503 -7.3624910536935575 6
    endloop
  endfacet
  facet normal -0.9177546256839815 -0.39714789063477995 1.938725907500108e-18
    outer loop
      vertex -18.59552971776503 -7.3624910536935575 6
      vertex -18.096541049320393 -8.515585831301449 0
      vertex -18.096541049320393 -8.515585831301449 6
    endloop
  endfacet
  facet normal -0.8910065241883673 -0.4539904997395479 -2.849825538463631e-18
    outer loop
      vertex -18.096541049320393 -8.515585831301449 6
      vertex -17.52613360087727 -9.635073482034308 0
      vertex -17.52613360087727 -9.635073482034308 6
    endloop
  endfacet
  facet normal -0.8607420270039431 -0.5090414157503723 4.7025277337881674e-18
    outer loop
      vertex -17.52613360087727 -9.635073482034308 6
      vertex -16.8865585100403 -10.716535899579933 0
      vertex -16.8865585100403 -10.716535899579933 6
    endloop
  endfacet
  facet normal -0.8270805742745633 -0.5620833778521286 -3.021560347185622e-20
    outer loop
      vertex -16.8865585100403 -10.716535899579933 6
      vertex -16.18033988749895 -11.755705045849464 0
      vertex -16.18033988749895 -11.755705045849464 6
    endloop
  endfacet
  facet normal -0.7901550123756907 -0.612907053652976 -3.737477454942537e-18
    outer loop
      vertex -16.18033988749895 -11.755705045849464 6
      vertex -15.410264855515788 -12.748479794973793 0
      vertex -15.410264855515788 -12.748479794973793 6
    endloop
  endfacet
  facet normal -0.7501110696304585 -0.661311865323653 1.637445541951002e-19
    outer loop
      vertex -15.410264855515788 -12.748479794973793 6
      vertex -14.579372548428234 -13.69094211857377 0
      vertex -14.579372548428234 -13.69094211857377 6
    endloop
  endfacet
  facet normal -0.7071067811865475 -0.7071067811865475 2.935437944063695e-18
    outer loop
      vertex -14.579372548428234 -13.69094211857377 6
      vertex -13.69094211857377 -14.579372548428234 0
      vertex -13.69094211857377 -14.579372548428234 6
    endloop
  endfacet
  facet normal -0.661311865323653 -0.7501110696304585 0
    outer loop
      vertex -13.69094211857377 -14.579372548428234 6
      vertex -13.69094211857377 -14.579372548428234 0
      vertex -12.748479794973793 -15.410264855515788 6
    endloop
  endfacet
  facet normal -0.612907053652976 -0.7901550123756907 0
    outer loop
      vertex -12.748479794973793 -15.410264855515788 6
      vertex -12.748479794973793 -15.410264855515788 0
      vertex -11.755705045849464 -16.18033988749895 6
    endloop
  endfacet
  facet normal -0.5620833778521286 -0.8270805742745633 0
    outer loop
      vertex -11.755705045849464 -16.18033988749895 6
      vertex -11.755705045849464 -16.18033988749895 0
      vertex -10.716535899579933 -16.8865585100403 6
    endloop
  endfacet
  facet normal -0.5090414157503731 -0.8607420270039426 0
    outer loop
      vertex -10.716535899579933 -16.8865585100403 6
      vertex -10.716535899579933 -16.8865585100403 0
      vertex -9.635073482034304 -17.526133600877273 6
    endloop
  endfacet
  facet normal 0 0 1
    outer loop
      vertex -6.180339887498948 19.02113032590307 6
      vertex -6.180339887498948 -19.02113032590307 6
      vertex -6.025 0 6
    endloop
  endfacet
  facet normal 0 0 1
    outer loop
      vertex -9.635073482034308 17.52613360087727 6
      vertex -9.635073482034304 -17.526133600877273 6
      vertex -8.515585831301454 -18.09654104932039 6
    endloop
  endfacet
  facet normal 0 0 1
    outer loop
      vertex -8.515585831301449 18.096541049320393 6
      vertex -8.515585831301454 -18.09654104932039 6
      vertex -7.3624910536935575 -18.59552971776503 6
    endloop
  endfacet
  facet normal 0 0 1
    outer loop
      vertex -7.3624910536935575 18.59552971776503 6
      vertex -7.3624910536935575 -18.59552971776503 6
      vertex -6.180339887498948 -19.02113032590307 6
    endloop
  endfacet
  facet normal 0 0 1
    outer loop
      vertex -6.180339887498948 -19.02113032590307 6
      vertex -6.013111038780337 -0.3783128801641125 6
      vertex -6.025 0 6
    endloop
  endfacet
  facet normal 0 0 1
    outer loop
      vertex -6.180339887498948 -19.02113032590307 6
      vertex -5.97749107541973 -0.755132732224932 6
      vertex -6.013111038780337 -0.3783128801641125 6
    endloop
  endfacet
  facet normal 0 0 1
    outer loop
      vertex -6.180339887498948 -19.02113032590307 6
      vertex -5.918280685640349 -1.1289724203789921 6
      vertex -5.97749107541973 -0.755132732224932 6
    endloop
  endfacet
  facet normal 0 0 1
    outer loop
      vertex -6.180339887498948 -19.02113032590307 6
      vertex -5.835713545800003 -1.4983565701682506 6
      vertex -5.918280685640349 -1.1289724203789921 6
    endloop
  endfacet
  facet normal 0 0 1
    outer loop
      vertex -6.180339887498948 -19.02113032590307 6
      vertex -5.7301155106783 -1.8618273911090581 6
      vertex -5.835713545800003 -1.4983565701682506 6
    endloop
  endfacet
  facet normal 0 0 1
    outer loop
      vertex -6.180339887498948 -19.02113032590307 6
      vertex -5.601903327476715 -2.2179504299251844 6
      vertex -5.7301155106783 -1.8618273911090581 6
    endloop
  endfacet
  facet normal 0 0 1
    outer loop
      vertex -4.973797743297097 -19.37166322257262 6
      vertex -5.4515829911077684 -2.5653202316795616 6
      vertex -5.601903327476715 -2.2179504299251844 6
    endloop
  endfacet
  facet normal 0 0 1
    outer loop
      vertex -4.973797743297097 -19.37166322257262 6
      vertex -5.2797477472642775 -2.902565886462835 6
      vertex -5.4515829911077684 -2.5653202316795616 6
    endloop
  endfacet
  facet normal 0 0 1
    outer loop
      vertex -4.973797743297097 -19.37166322257262 6
      vertex -5.087075751149641 -3.228356439748455 6
      vertex -5.2797477472642775 -2.902565886462835 6
    endloop
  endfacet
  facet normal 0 0 1
    outer loop
      vertex -4.973797743297097 -19.37166322257262 6
      vertex -4.874327391109059 -3.541406145062151 6
      vertex -5.087075751149641 -3.228356439748455 6
    endloop
  endfacet
  facet normal 0 0 1
    outer loop
      vertex -4.973797743297097 -19.37166322257262 6
      vertex -4.642342287724131 -3.840479538235855 6
      vertex -4.874327391109059 -3.541406145062151 6
    endloop
  endfacet
  facet normal 0 0 1
    outer loop
      vertex -4.973797743297097 -19.37166322257262 6
      vertex -4.392035980214006 -4.124396313220348 6
      vertex -4.642342287724131 -3.840479538235855 6
    endloop
  endfacet
  facet normal 0 0 1
    outer loop
      vertex -3.7476262917144916 -19.645745014573773 6
      vertex -4.124396313220348 -4.392035980214006 6
      vertex -4.392035980214006 -4.124396313220348 6
    endloop
  endfacet
  facet normal 0 0 1
    outer loop
      vertex -3.7476262917144916 -19.645745014573773 6
      vertex -3.840479538235855 -4.642342287724131 6
      vertex -4.124396313220348 -4.392035980214006 6
    endloop
  endfacet
  facet normal 0 0 1
    outer loop
      vertex -3.7476262917144916 -19.645745014573773 6
      vertex -3.541406145062151 -4.874327391109059 6
      vertex -3.840479538235855 -4.642342287724131 6
    endloop
  endfacet
  facet normal 0 0 1
    outer loop
      vertex -3.7476262917144916 -19.645745014573773 6
      vertex -3.228356439748455 -5.087075751149641 6
      vertex -3.541406145062151 -4.874327391109059 6
    endloop
  endfacet
  facet normal 0 0 1
    outer loop
      vertex -6.180339887498948 -19.02113032590307 6
      vertex -4.973797743297097 -19.37166322257262 6
      vertex -5.601903327476715 -2.2179504299251844 6
    endloop
  endfacet
  facet normal 0 0 1
    outer loop
      vertex -2.5066646712860856 -19.842294026289558 6
      vertex -2.9025658864628343 -5.279747747264278 6
      vertex -3.228356439748455 -5.087075751149641 6
    endloop
  endfacet
  facet normal 0 0 1
    outer loop
      vertex -2.5066646712860856 -19.842294026289558 6
      vertex -2.5653202316795634 -5.451582991107768 6
      vertex -2.9025658864628343 -5.279747747264278 6
    endloop
  endfacet
  facet normal 0 0 1
    outer loop
      vertex -4.973797743297097 -19.37166322257262 6
      vertex -3.7476262917144916 -19.645745014573773 6
      vertex -4.392035980214006 -4.124396313220348 6
    endloop
  endfacet
  facet normal 0 0 1
    outer loop
      vertex -3.7476262917144916 -19.645745014573773 6
      vertex -2.5066646712860856 -19.842294026289558 6
      vertex -3.228356439748455 -5.087075751149641 6
    endloop
  endfacet
  facet normal 0 0 1
    outer loop
      vertex -2.5066646712860856 -19.842294026289558 6
      vertex -2.2179504299251844 -5.601903327476715 6
      vertex -2.5653202316795634 -5.451582991107768 6
    endloop
  endfacet
  facet normal 0 0 1
    outer loop
      vertex -2.5066646712860856 -19.842294026289558 6
      vertex -1.8618273911090581 -5.7301155106783 6
      vertex -2.2179504299251844 -5.601903327476715 6
    endloop
  endfacet
  facet normal 0 0 1
    outer loop
      vertex -1.2558103905862654 -19.960534568565432 6
      vertex -1.4983565701682506 -5.835713545800003 6
      vertex -1.8618273911090581 -5.7301155106783 6
    endloop
  endfacet
  facet normal 0 0 1
    outer loop
      vertex -1.2558103905862654 -19.960534568565432 6
      vertex -1.1289724203789906 -5.91828068564035 6
      vertex -1.4983565701682506 -5.835713545800003 6
    endloop
  endfacet
  facet normal 0 0 1
    outer loop
      vertex -1.2558103905862654 -19.960534568565432 6
      vertex -0.7551327322249334 -5.97749107541973 6
      vertex -1.1289724203789906 -5.91828068564035 6
    endloop
  endfacet
  facet normal 0 0 1
    outer loop
      vertex 0 -20 6
      vertex -0.3783128801641125 -6.013111038780337 6
      vertex -0.7551327322249334 -5.97749107541973 6
    endloop
  endfacet
  facet normal 0 0 1
    outer loop
      vertex 0 -20 6
      vertex 0 -6.025 6
      vertex -0.3783128801641125 -6.013111038780337 6
    endloop
  endfacet
  facet normal 0 0 1
    outer loop
      vertex -2.5066646712860856 -19.842294026289558 6
      vertex -1.2558103905862654 -19.960534568565432 6
      vertex -1.8618273911090581 -5.7301155106783 6
    endloop
  endfacet
  facet normal 0 0 1
    outer loop
      vertex -1.2558103905862654 -19.960534568565432 6
      vertex 0 -20 6
      vertex -0.7551327322249334 -5.97749107541973 6
    endloop
  endfacet
  facet normal -0.45399049973954625 -0.8910065241883681 0
    outer loop
      vertex -9.635073482034304 -17.526133600877273 6
      vertex -9.635073482034304 -17.526133600877273 0
      vertex -8.515585831301454 -18.09654104932039 6
    endloop
  endfacet
  facet normal -0.39714789063478073 -0.917754625683981 0
    outer loop
      vertex -8.515585831301454 -18.09654104932039 6
      vertex -8.515585831301454 -18.09654104932039 0
      vertex -7.3624910536935575 -18.59552971776503 6
    endloop
  endfacet
  facet normal -0.33873792024528976 -0.940880768954226 0
    outer loop
      vertex -7.3624910536935575 -18.59552971776503 6
      vertex -7.3624910536935575 -18.59552971776503 0
      vertex -6.180339887498948 -19.02113032590307 6
    endloop
  endfacet
  facet normal -0.2789911060392305 -0.9602936856769426 0
    outer loop
      vertex -6.180339887498948 -19.02113032590307 6
      vertex -6.180339887498948 -19.02113032590307 0
      vertex -4.973797743297097 -19.37166322257262 6
    endloop
  endfacet
  facet normal -0.21814324139654243 -0.9759167619387474 0
    outer loop
      vertex -4.973797743297097 -19.37166322257262 6
      vertex -4.973797743297097 -19.37166322257262 0
      vertex -3.7476262917144916 -19.645745014573773 6
    endloop
  endfacet
  facet normal -0.15643446504023253 -0.9876883405951374 0
    outer loop
      vertex -3.7476262917144916 -19.645745014573773 6
      vertex -3.7476262917144916 -19.645745014573773 0
      vertex -2.5066646712860856 -19.842294026289558 6
    endloop
  endfacet
  facet normal -0.0941083133185137 -0.9955619646030801 0
    outer loop
      vertex -2.5066646712860856 -19.842294026289558 6
      vertex -2.5066646712860856 -19.842294026289558 0
      vertex -1.2558103905862654 -19.960534568565432 6
    endloop
  endfacet
  facet normal -0.03141075907812769 -0.9995065603657316 0
    outer loop
      vertex -1.2558103905862654 -19.960534568565432 6
      vertex -1.2558103905862654 -19.960534568565432 0
      vertex 0 -20 6
    endloop
  endfacet
  facet normal -0.9995065603657316 -0.03141075907812769 0
    outer loop
      vertex -20 0 6
      vertex -20 0 0
      vertex -19.960534568565432 -1.2558103905862654 0
    endloop
  endfacet
  facet normal -0.9955619646030801 -0.09410831331851403 0
    outer loop
      vertex -19.960534568565432 -1.2558103905862654 6
      vertex -19.960534568565432 -1.2558103905862654 0
      vertex -19.842294026289558 -2.506664671286081 0
    endloop
  endfacet
  facet normal -0.9876883405951377 -0.1564344650402314 0
    outer loop
      vertex -19.842294026289558 -2.506664671286081 6
      vertex -19.842294026289558 -2.506664671286081 0
      vertex -19.645745014573773 -3.7476262917144965 0
    endloop
  endfacet
  facet normal -0.9759167619387472 -0.21814324139654326 0
    outer loop
      vertex -19.645745014573773 -3.7476262917144965 6
      vertex -19.645745014573773 -3.7476262917144965 0
      vertex -19.37166322257262 -4.973797743297097 0
    endloop
  endfacet
  facet normal -0.9602936856769426 -0.2789911060392305 0
    outer loop
      vertex -19.37166322257262 -4.973797743297097 6
      vertex -19.37166322257262 -4.973797743297097 0
      vertex -19.02113032590307 -6.180339887498948 0
    endloop
  endfacet
  facet normal -0.940880768954226 -0.33873792024528976 0
    outer loop
      vertex -19.02113032590307 -6.180339887498948 6
      vertex -19.02113032590307 -6.180339887498948 0
      vertex -18.59552971776503 -7.3624910536935575 0
    endloop
  endfacet
  facet normal -0.9177546256839815 -0.39714789063477995 0
    outer loop
      vertex -18.59552971776503 -7.3624910536935575 6
      vertex -18.59552971776503 -7.3624910536935575 0
      vertex -18.096541049320393 -8.515585831301449 0
    endloop
  endfacet
  facet normal -0.8910065241883673 -0.4539904997395479 0
    outer loop
      vertex -18.096541049320393 -8.515585831301449 6
      vertex -18.096541049320393 -8.515585831301449 0
      vertex -17.52613360087727 -9.635073482034308 0
    endloop
  endfacet
  facet normal -0.8607420270039431 -0.5090414157503723 0
    outer loop
      vertex -17.52613360087727 -9.635073482034308 6
      vertex -17.52613360087727 -9.635073482034308 0
      vertex -16.8865585100403 -10.716535899579933 0
    endloop
  endfacet
  facet normal 0 0 -1
    outer loop
      vertex -19.960534568565432 1.2558103905862654 0
      vertex -19.960534568565432 -1.2558103905862654 0
      vertex -20 0 0
    endloop
  endfacet
  facet normal 0 0 -1
    outer loop
      vertex -19.842294026289558 2.506664671286081 0
      vertex -19.842294026289558 -2.506664671286081 0
      vertex -19.960534568565432 -1.2558103905862654 0
    endloop
  endfacet
  facet normal 0 0 -1
    outer loop
      vertex -19.645745014573773 3.7476262917144965 0
      vertex -19.645745014573773 -3.7476262917144965 0
      vertex -19.842294026289558 -2.506664671286081 0
    endloop
  endfacet
  facet normal 0 0 -1
    outer loop
      vertex -19.37166322257262 4.973797743297097 0
      vertex -19.37166322257262 -4.973797743297097 0
      vertex -19.645745014573773 -3.7476262917144965 0
    endloop
  endfacet
  facet normal 0 0 -1
    outer loop
      vertex -19.02113032590307 6.180339887498948 0
      vertex -19.02113032590307 -6.180339887498948 0
      vertex -19.37166322257262 -4.973797743297097 0
    endloop
  endfacet
  facet normal 0 0 -1
    outer loop
      vertex -18.59552971776503 7.3624910536935575 0
      vertex -18.59552971776503 -7.3624910536935575 0
      vertex -19.02113032590307 -6.180339887498948 0
    endloop
  endfacet
  facet normal 0 0 -1
    outer loop
      vertex -18.096541049320393 8.515585831301449 0
      vertex -18.096541049320393 -8.515585831301449 0
      vertex -18.59552971776503 -7.3624910536935575 0
    endloop
  endfacet
  facet normal 0 0 -1
    outer loop
      vertex -17.52613360087727 9.635073482034308 0
      vertex -17.52613360087727 -9.635073482034308 0
      vertex -18.096541049320393 -8.515585831301449 0
    endloop
  endfacet
  facet normal 0 0 -1
    outer loop
      vertex -16.8865585100403 10.716535899579933 0
      vertex -16.8865585100403 -10.716535899579933 0
      vertex -17.52613360087727 -9.635073482034308 0
    endloop
  endfacet
  facet normal 0 0 -1
    outer loop
      vertex -16.18033988749895 11.755705045849464 0
      vertex -16.18033988749895 -11.755705045849464 0
      vertex -16.8865585100403 -10.716535899579933 0
    endloop
  endfacet
  facet normal 0 0 -1
    outer loop
      vertex -15.410264855515788 12.748479794973793 0
      vertex -15.410264855515788 -12.748479794973793 0
      vertex -16.18033988749895 -11.755705045849464 0
    endloop
  endfacet
  facet normal 0 0 -1
    outer loop
      vertex -14.579372548428234 13.69094211857377 0
      vertex -14.579372548428234 -13.69094211857377 0
      vertex -15.410264855515788 -12.748479794973793 0
    endloop
  endfacet
  facet normal 0 0 -1
    outer loop
      vertex -13.69094211857377 14.579372548428234 0
      vertex -13.69094211857377 -14.579372548428234 0
      vertex -14.579372548428234 -13.69094211857377 0
    endloop
  endfacet
  facet normal 0 0 -1
    outer loop
      vertex -12.748479794973793 15.410264855515788 0
      vertex -12.748479794973793 -15.410264855515788 0
      vertex -13.69094211857377 -14.579372548428234 0
    endloop
  endfacet
  facet normal 0 0 -1
    outer loop
      vertex -11.755705045849464 16.18033988749895 0
      vertex -11.755705045849464 -16.18033988749895 0
      vertex -12.748479794973793 -15.410264855515788 0
    endloop
  endfacet
  facet normal 0 0 -1
    outer loop
      vertex -10.716535899579933 16.8865585100403 0
      vertex -10.716535899579933 -16.8865585100403 0
      vertex -11.755705045849464 -16.18033988749895 0
    endloop
  endfacet
  facet normal -0.8270805742745633 -0.5620833778521286 0
    outer loop
      vertex -16.8865585100403 -10.716535899579933 6
      vertex -16.8865585100403 -10.716535899579933 0
      vertex -16.18033988749895 -11.755705045849464 0
    endloop
  endfacet
  facet normal -0.7901550123756907 -0.612907053652976 0
    outer loop
      vertex -16.18033988749895 -11.755705045849464 6
      vertex -16.18033988749895 -11.755705045849464 0
      vertex -15.410264855515788 -12.748479794973793 0
    endloop
  endfacet
  facet normal -0.7501110696304585 -0.661311865323653 0
    outer loop
      vertex -15.410264855515788 -12.748479794973793 6
      vertex -15.410264855515788 -12.748479794973793 0
      vertex -14.579372548428234 -13.69094211857377 0
    endloop
  endfacet
  facet normal -0.7071067811865475 -0.7071067811865475 0
    outer loop
      vertex -14.579372548428234 -13.69094211857377 6
      vertex -14.579372548428234 -13.69094211857377 0
      vertex -13.69094211857377 -14.579372548428234 0
    endloop
  endfacet
  facet normal -0.661311865323653 -0.7501110696304585 0
    outer loop
      vertex -12.748479794973793 -15.410264855515788 6
      vertex -13.69094211857377 -14.579372548428234 0
      vertex -12.748479794973793 -15.410264855515788 0
    endloop
  endfacet
  facet normal -0.612907053652976 -0.7901550123756907 0
    outer loop
      vertex -11.755705045849464 -16.18033988749895 6
      vertex -12.748479794973793 -15.410264855515788 0
      vertex -11.755705045849464 -16.18033988749895 0
    endloop
  endfacet
  facet normal -0.5620833778521286 -0.8270805742745633 0
    outer loop
      vertex -10.716535899579933 -16.8865585100403 6
      vertex -11.755705045849464 -16.18033988749895 0
      vertex -10.716535899579933 -16.8865585100403 0
    endloop
  endfacet
  facet normal 0 0 -1
    outer loop
      vertex -7.3624910536935575 -18.59552971776503 0
      vertex -7.518587499856949 2.289774999022484 0
      vertex -4.397437497973442 2.289774999022484 0
    endloop
  endfacet
  facet normal 0 0 -1
    outer loop
      vertex -9.635073482034308 17.52613360087727 0
      vertex -9.635073482034304 -17.526133600877273 0
      vertex -10.716535899579933 -16.8865585100403 0
    endloop
  endfacet
  facet normal 0 0 -1
    outer loop
      vertex -9.635073482034304 -17.526133600877273 0
      vertex -9.489987500011921 3.5832000002264977 0
      vertex -9.489987500011921 -3.5829000025987625 0
    endloop
  endfacet
  facet normal 0 0 -1
    outer loop
      vertex -9.635073482034304 -17.526133600877273 0
      vertex -9.489987500011921 -3.5829000025987625 0
      vertex -9.46551575511694 -3.737408496439457 0
    endloop
  endfacet
  facet normal 0 0 -1
    outer loop
      vertex -9.635073482034304 -17.526133600877273 0
      vertex -9.46551575511694 -3.737408496439457 0
      vertex -8.989987500011921 -4.0829000025987625 0
    endloop
  endfacet
  facet normal 0 0 -1
    outer loop
      vertex -9.635073482034304 -17.526133600877273 0
      vertex -8.989987500011921 -4.0829000025987625 0
      vertex -8.018587499856949 -4.0829000025987625 0
    endloop
  endfacet
  facet normal 0 0 -1
    outer loop
      vertex -8.515585831301454 -18.09654104932039 0
      vertex -8.018587499856949 -4.0829000025987625 0
      vertex -7.864079006016254 -4.058428257703781 0
    endloop
  endfacet
  facet normal 0 0 -1
    outer loop
      vertex -7.3624910536935575 -18.59552971776503 0
      vertex -7.864079006016254 -4.058428257703781 0
      vertex -7.518587499856949 -3.5829000025987625 0
    endloop
  endfacet
  facet normal 0 0 -1
    outer loop
      vertex -7.3624910536935575 -18.59552971776503 0
      vertex -7.518587499856949 -3.5829000025987625 0
      vertex -7.518587499856949 2.289774999022484 0
    endloop
  endfacet
  facet normal 0 0 -1
    outer loop
      vertex -4.973797743297097 -19.37166322257262 0
      vertex -4.397437497973442 2.289774999022484 0
      vertex -4.242929004132748 2.314246743917465 0
    endloop
  endfacet
  facet normal 0 0 -1
    outer loop
      vertex -3.7476262917144916 -19.645745014573773 0
      vertex -4.242929004132748 2.314246743917465 0
      vertex -3.897437497973442 2.789774999022484 0
    endloop
  endfacet
  facet normal 0 0 -1
    outer loop
      vertex 1.9348874986171722 -0.9906499981880188 0
      vertex -1.7253625020384789 -2.2894750013947487 0
      vertex -1.7253625020384789 -0.9906499981880188 0
    endloop
  endfacet
  facet normal 0 0 -1
    outer loop
      vertex -3.7476262917144916 -19.645745014573773 0
      vertex -3.696762502193451 3.5832000002264977 0
      vertex -3.696762502193451 -3.5829000025987625 0
    endloop
  endfacet
  facet normal 0 0 -1
    outer loop
      vertex -3.7476262917144916 -19.645745014573773 0
      vertex -3.696762502193451 -3.5829000025987625 0
      vertex -3.6722907572984695 -3.737408496439457 0
    endloop
  endfacet
  facet normal 0 0 -1
    outer loop
      vertex -3.7476262917144916 -19.645745014573773 0
      vertex -3.6722907572984695 -3.737408496439457 0
      vertex -3.196762502193451 -4.0829000025987625 0
    endloop
  endfacet
  facet normal 0 0 -1
    outer loop
      vertex -3.7476262917144916 -19.645745014573773 0
      vertex -3.196762502193451 -4.0829000025987625 0
      vertex 2.2400624975562096 -4.0829000025987625 0
    endloop
  endfacet
  facet normal -0.5090414157503731 -0.8607420270039426 0
    outer loop
      vertex -9.635073482034304 -17.526133600877273 6
      vertex -10.716535899579933 -16.8865585100403 0
      vertex -9.635073482034304 -17.526133600877273 0
    endloop
  endfacet
  facet normal -0.45399049973954625 -0.8910065241883681 0
    outer loop
      vertex -8.515585831301454 -18.09654104932039 6
      vertex -9.635073482034304 -17.526133600877273 0
      vertex -8.515585831301454 -18.09654104932039 0
    endloop
  endfacet
  facet normal -0.39714789063478073 -0.917754625683981 0
    outer loop
      vertex -7.3624910536935575 -18.59552971776503 6
      vertex -8.515585831301454 -18.09654104932039 0
      vertex -7.3624910536935575 -18.59552971776503 0
    endloop
  endfacet
  facet normal -0.33873792024528976 -0.940880768954226 0
    outer loop
      vertex -6.180339887498948 -19.02113032590307 6
      vertex -7.3624910536935575 -18.59552971776503 0
      vertex -6.180339887498948 -19.02113032590307 0
    endloop
  endfacet
  facet normal -0.2789911060392305 -0.9602936856769426 0
    outer loop
      vertex -4.973797743297097 -19.37166322257262 6
      vertex -6.180339887498948 -19.02113032590307 0
      vertex -4.973797743297097 -19.37166322257262 0
    endloop
  endfacet
  facet normal -0.21814324139654243 -0.9759167619387474 0
    outer loop
      vertex -3.7476262917144916 -19.645745014573773 6
      vertex -4.973797743297097 -19.37166322257262 0
      vertex -3.7476262917144916 -19.645745014573773 0
    endloop
  endfacet
  facet normal -0.15643446504023253 -0.9876883405951374 0
    outer loop
      vertex -2.5066646712860856 -19.842294026289558 6
      vertex -3.7476262917144916 -19.645745014573773 0
      vertex -2.5066646712860856 -19.842294026289558 0
    endloop
  endfacet
  facet normal -0.0941083133185137 -0.9955619646030801 0
    outer loop
      vertex -1.2558103905862654 -19.960534568565432 6
      vertex -2.5066646712860856 -19.842294026289558 0
      vertex -1.2558103905862654 -19.960534568565432 0
    endloop
  endfacet
  facet normal -0.03141075907812769 -0.9995065603657316 7.19355318367834e-20
    outer loop
      vertex -1.2558103905862654 -19.960534568565432 0
      vertex 0 -20 0
      vertex 0 -20 6
    endloop
  endfacet
  facet normal 0 0 -1
    outer loop
      vertex -9.635073482034304 -17.526133600877273 0
      vertex -8.018587499856949 -4.0829000025987625 0
      vertex -8.515585831301454 -18.09654104932039 0
    endloop
  endfacet
  facet normal 0 0 -1
    outer loop
      vertex -8.515585831301454 -18.09654104932039 0
      vertex -7.864079006016254 -4.058428257703781 0
      vertex -7.3624910536935575 -18.59552971776503 0
    endloop
  endfacet
  facet normal 0 0 -1
    outer loop
      vertex -7.3624910536935575 -18.59552971776503 0
      vertex -4.397437497973442 2.289774999022484 0
      vertex -6.180339887498948 -19.02113032590307 0
    endloop
  endfacet
  facet normal 0 0 -1
    outer loop
      vertex -6.180339887498948 -19.02113032590307 0
      vertex -4.397437497973442 2.289774999022484 0
      vertex -4.973797743297097 -19.37166322257262 0
    endloop
  endfacet
  facet normal 0 0 -1
    outer loop
      vertex -4.973797743297097 -19.37166322257262 0
      vertex -4.242929004132748 2.314246743917465 0
      vertex -3.7476262917144916 -19.645745014573773 0
    endloop
  endfacet
  facet normal 0 0 -1
    outer loop
      vertex -3.7476262917144916 -19.645745014573773 0
      vertex 2.2400624975562096 -4.0829000025987625 0
      vertex -2.5066646712860856 -19.842294026289558 0
    endloop
  endfacet
  facet normal 0 0 -1
    outer loop
      vertex -2.5066646712860856 -19.842294026289558 0
      vertex 2.2400624975562096 -4.0829000025987625 0
      vertex -1.2558103905862654 -19.960534568565432 0
    endloop
  endfacet
  facet normal 0 0 1
    outer loop
      vertex 0 20 6
      vertex 0.755132732224932 5.97749107541973 6
      vertex 1.2558103905862752 19.960534568565432 6
    endloop
  endfacet
  facet normal 0 0 1
    outer loop
      vertex 1.2558103905862752 19.960534568565432 6
      vertex 1.8618273911090581 5.7301155106783 6
      vertex 2.506664671286081 19.842294026289558 6
    endloop
  endfacet
  facet normal 0 0 1
    outer loop
      vertex 0 20 6
      vertex 0 6.025 6
      vertex 0.37831288016411546 6.013111038780337 6
    endloop
  endfacet
  facet normal 0 0 1
    outer loop
      vertex 0 20 6
      vertex 0.37831288016411546 6.013111038780337 6
      vertex 0.755132732224932 5.97749107541973 6
    endloop
  endfacet
  facet normal 0 0 1
    outer loop
      vertex 1.2558103905862752 19.960534568565432 6
      vertex 0.755132732224932 5.97749107541973 6
      vertex 1.1289724203789921 5.918280685640349 6
    endloop
  endfacet
  facet normal 0 0 1
    outer loop
      vertex 1.2558103905862752 19.960534568565432 6
      vertex 1.1289724203789921 5.918280685640349 6
      vertex 1.498356570168248 5.835713545800004 6
    endloop
  endfacet
  facet normal 0 0 1
    outer loop
      vertex 1.2558103905862752 19.960534568565432 6
      vertex 1.498356570168248 5.835713545800004 6
      vertex 1.8618273911090581 5.7301155106783 6
    endloop
  endfacet
  facet normal 0 0 1
    outer loop
      vertex 2.506664671286081 19.842294026289558 6
      vertex 1.8618273911090581 5.7301155106783 6
      vertex 2.217950429925187 5.601903327476714 6
    endloop
  endfacet
  facet normal 0 0 1
    outer loop
      vertex 2.506664671286081 19.842294026289558 6
      vertex 2.217950429925187 5.601903327476714 6
      vertex 2.5653202316795616 5.4515829911077684 6
    endloop
  endfacet
  facet normal 0 0 1
    outer loop
      vertex 2.506664671286081 19.842294026289558 6
      vertex 3.2283564397484525 5.0870757511496425 6
      vertex 3.7476262917144965 19.645745014573773 6
    endloop
  endfacet
  facet normal 0 0 1
    outer loop
      vertex 3.7476262917144965 19.645745014573773 6
      vertex 4.392035980214006 4.124396313220348 6
      vertex 4.973797743297089 19.371663222572625 6
    endloop
  endfacet
  facet normal 0 0 1
    outer loop
      vertex 2.506664671286081 19.842294026289558 6
      vertex 2.5653202316795616 5.4515829911077684 6
      vertex 2.902565886462835 5.2797477472642775 6
    endloop
  endfacet
  facet normal 0 0 1
    outer loop
      vertex 2.506664671286081 19.842294026289558 6
      vertex 2.902565886462835 5.2797477472642775 6
      vertex 3.2283564397484525 5.0870757511496425 6
    endloop
  endfacet
  facet normal 0 0 1
    outer loop
      vertex 4.973797743297089 19.371663222572625 6
      vertex 5.601903327476714 2.217950429925187 6
      vertex 6.180339887498948 19.02113032590307 6
    endloop
  endfacet
  facet normal 0.03141075907812744 0.9995065603657315 -4.502614754358588e-19
    outer loop
      vertex 0 20 6
      vertex 1.2558103905862752 19.960534568565432 6
      vertex 1.2558103905862752 19.960534568565432 0
    endloop
  endfacet
  facet normal 0.09410831331851476 0.9955619646030799 -1.0788759990907837e-18
    outer loop
      vertex 1.2558103905862752 19.960534568565432 6
      vertex 2.506664671286081 19.842294026289558 6
      vertex 2.506664671286081 19.842294026289558 0
    endloop
  endfacet
  facet normal 0.1564344650402314 0.9876883405951377 6.164428134692783e-20
    outer loop
      vertex 2.506664671286081 19.842294026289558 6
      vertex 3.7476262917144965 19.645745014573773 6
      vertex 3.7476262917144965 19.645745014573773 0
    endloop
  endfacet
  facet normal 0.2181432413965419 0.9759167619387475 1.879264462846012e-18
    outer loop
      vertex 3.7476262917144965 19.645745014573773 6
      vertex 4.973797743297089 19.371663222572625 6
      vertex 4.973797743297089 19.371663222572625 0
    endloop
  endfacet
  facet normal 0.27899110603923144 0.9602936856769425 -9.243424245169318e-19
    outer loop
      vertex 4.973797743297089 19.371663222572625 6
      vertex 6.180339887498948 19.02113032590307 6
      vertex 6.180339887498948 19.02113032590307 0
    endloop
  endfacet
  facet normal 0.33873792024528976 0.940880768954226 3.558961381647658e-18
    outer loop
      vertex 6.180339887498948 19.02113032590307 6
      vertex 7.362491053693567 18.595529717765025 6
      vertex 7.362491053693567 18.595529717765025 0
    endloop
  endfacet
  facet normal 0.3971478906347804 0.9177546256839813 -8.589186284429315e-19
    outer loop
      vertex 7.362491053693567 18.595529717765025 6
      vertex 8.515585831301449 18.096541049320393 6
      vertex 8.515585831301449 18.096541049320393 0
    endloop
  endfacet
  facet normal 0.4539904997395479 0.8910065241883673 -2.849825538463631e-18
    outer loop
      vertex 8.515585831301449 18.096541049320393 6
      vertex 9.635073482034308 17.52613360087727 6
      vertex 9.635073482034308 17.52613360087727 0
    endloop
  endfacet
  facet normal 0 0 1
    outer loop
      vertex 3.7476262917144965 19.645745014573773 6
      vertex 3.2283564397484525 5.0870757511496425 6
      vertex 3.541406145062151 4.874327391109059 6
    endloop
  endfacet
  facet normal 0 0 1
    outer loop
      vertex 3.7476262917144965 19.645745014573773 6
      vertex 3.541406145062151 4.874327391109059 6
      vertex 3.8404795382358574 4.642342287724129 6
    endloop
  endfacet
  facet normal 0 0 1
    outer loop
      vertex 3.7476262917144965 19.645745014573773 6
      vertex 3.8404795382358574 4.642342287724129 6
      vertex 4.124396313220348 4.392035980214006 6
    endloop
  endfacet
  facet normal 0 0 1
    outer loop
      vertex 3.7476262917144965 19.645745014573773 6
      vertex 4.124396313220348 4.392035980214006 6
      vertex 4.392035980214006 4.124396313220348 6
    endloop
  endfacet
  facet normal 0 0 1
    outer loop
      vertex 4.973797743297089 19.371663222572625 6
      vertex 4.392035980214006 4.124396313220348 6
      vertex 4.642342287724129 3.8404795382358574 6
    endloop
  endfacet
  facet normal 0 0 1
    outer loop
      vertex 4.973797743297089 19.371663222572625 6
      vertex 4.642342287724129 3.8404795382358574 6
      vertex 4.874327391109059 3.541406145062151 6
    endloop
  endfacet
  facet normal 0 0 1
    outer loop
      vertex 4.973797743297089 19.371663222572625 6
      vertex 4.874327391109059 3.541406145062151 6
      vertex 5.0870757511496425 3.2283564397484525 6
    endloop
  endfacet
  facet normal 0 0 1
    outer loop
      vertex 4.973797743297089 19.371663222572625 6
      vertex 5.0870757511496425 3.2283564397484525 6
      vertex 5.2797477472642775 2.902565886462835 6
    endloop
  endfacet
  facet normal 0 0 1
    outer loop
      vertex 4.973797743297089 19.371663222572625 6
      vertex 5.2797477472642775 2.902565886462835 6
      vertex 5.4515829911077684 2.5653202316795616 6
    endloop
  endfacet
  facet normal 0 0 1
    outer loop
      vertex 4.973797743297089 19.371663222572625 6
      vertex 5.4515829911077684 2.5653202316795616 6
      vertex 5.601903327476714 2.217950429925187 6
    endloop
  endfacet
  facet normal 0 0 1
    outer loop
      vertex 6.180339887498948 19.02113032590307 6
      vertex 5.601903327476714 2.217950429925187 6
      vertex 5.7301155106783 1.8618273911090581 6
    endloop
  endfacet
  facet normal 0 0 1
    outer loop
      vertex 6.180339887498948 19.02113032590307 6
      vertex 5.7301155106783 1.8618273911090581 6
      vertex 5.835713545800004 1.498356570168248 6
    endloop
  endfacet
  facet normal 0 0 1
    outer loop
      vertex 6.180339887498948 19.02113032590307 6
      vertex 5.835713545800004 1.498356570168248 6
      vertex 5.918280685640349 1.1289724203789921 6
    endloop
  endfacet
  facet normal 0 0 1
    outer loop
      vertex 6.180339887498948 19.02113032590307 6
      vertex 5.918280685640349 1.1289724203789921 6
      vertex 5.97749107541973 0.755132732224932 6
    endloop
  endfacet
  facet normal 0 0 1
    outer loop
      vertex 6.180339887498948 19.02113032590307 6
      vertex 5.97749107541973 0.755132732224932 6
      vertex 6.013111038780337 0.37831288016411546 6
    endloop
  endfacet
  facet normal 0 0 1
    outer loop
      vertex 6.180339887498948 19.02113032590307 6
      vertex 6.013111038780337 0.37831288016411546 6
      vertex 6.025 0 6
    endloop
  endfacet
  facet normal 0 0 1
    outer loop
      vertex 6.180339887498948 19.02113032590307 6
      vertex 7.3624910536935575 -18.59552971776503 6
      vertex 7.362491053693567 18.595529717765025 6
    endloop
  endfacet
  facet normal 0 0 1
    outer loop
      vertex 7.362491053693567 18.595529717765025 6
      vertex 8.515585831301454 -18.09654104932039 6
      vertex 8.515585831301449 18.096541049320393 6
    endloop
  endfacet
  facet normal 0 0 1
    outer loop
      vertex 8.515585831301449 18.096541049320393 6
      vertex 9.635073482034304 -17.526133600877273 6
      vertex 9.635073482034308 17.52613360087727 6
    endloop
  endfacet
  facet normal 0.5090414157503711 0.8607420270039436 -4.434205659018654e-18
    outer loop
      vertex 9.635073482034308 17.52613360087727 6
      vertex 10.716535899579924 16.886558510040306 6
      vertex 10.716535899579924 16.886558510040306 0
    endloop
  endfacet
  facet normal 0.5620833778521291 0.8270805742745629 -9.376594933708749e-20
    outer loop
      vertex 10.716535899579924 16.886558510040306 6
      vertex 11.755705045849464 16.18033988749895 6
      vertex 11.755705045849464 16.18033988749895 0
    endloop
  endfacet
  facet normal 0.6129070536529768 0.7901550123756901 -1.1217181815743321e-18
    outer loop
      vertex 11.755705045849464 16.18033988749895 6
      vertex 12.7484797949738 15.41026485551578 6
      vertex 12.7484797949738 15.41026485551578 0
    endloop
  endfacet
  facet normal 0.6613118653236527 0.7501110696304588 -7.277969521611992e-18
    outer loop
      vertex 12.7484797949738 15.41026485551578 6
      vertex 13.69094211857377 14.579372548428234 6
      vertex 13.69094211857377 14.579372548428234 0
    endloop
  endfacet
  facet normal 0.7071067811865475 0.7071067811865475 0
    outer loop
      vertex 13.69094211857377 14.579372548428234 6
      vertex 14.579372548428234 13.69094211857377 6
      vertex 13.69094211857377 14.579372548428234 0
    endloop
  endfacet
  facet normal 0.7501110696304588 0.6613118653236527 0
    outer loop
      vertex 14.579372548428234 13.69094211857377 6
      vertex 15.41026485551578 12.7484797949738 6
      vertex 14.579372548428234 13.69094211857377 0
    endloop
  endfacet
  facet normal 0.7901550123756901 0.6129070536529768 0
    outer loop
      vertex 15.41026485551578 12.7484797949738 6
      vertex 16.18033988749895 11.755705045849464 6
      vertex 15.41026485551578 12.7484797949738 0
    endloop
  endfacet
  facet normal 0.8270805742745629 0.5620833778521291 0
    outer loop
      vertex 16.18033988749895 11.755705045849464 6
      vertex 16.886558510040306 10.716535899579924 6
      vertex 16.18033988749895 11.755705045849464 0
    endloop
  endfacet
  facet normal 0.8607420270039436 0.5090414157503711 0
    outer loop
      vertex 16.886558510040306 10.716535899579924 6
      vertex 17.52613360087727 9.635073482034308 6
      vertex 16.886558510040306 10.716535899579924 0
    endloop
  endfacet
  facet normal 0 0 1
    outer loop
      vertex 9.635073482034308 17.52613360087727 6
      vertex 10.716535899579933 -16.886558510040302 6
      vertex 10.716535899579924 16.886558510040306 6
    endloop
  endfacet
  facet normal 0 0 1
    outer loop
      vertex 10.716535899579924 16.886558510040306 6
      vertex 11.755705045849464 -16.18033988749895 6
      vertex 11.755705045849464 16.18033988749895 6
    endloop
  endfacet
  facet normal 0 0 1
    outer loop
      vertex 11.755705045849464 16.18033988749895 6
      vertex 12.748479794973795 -15.410264855515782 6
      vertex 12.7484797949738 15.41026485551578 6
    endloop
  endfacet
  facet normal 0 0 1
    outer loop
      vertex 12.7484797949738 15.41026485551578 6
      vertex 13.690942118573775 -14.579372548428232 6
      vertex 13.69094211857377 14.579372548428234 6
    endloop
  endfacet
  facet normal 0 0 1
    outer loop
      vertex 13.69094211857377 14.579372548428234 6
      vertex 14.579372548428232 -13.690942118573775 6
      vertex 14.579372548428234 13.69094211857377 6
    endloop
  endfacet
  facet normal 0 0 1
    outer loop
      vertex 14.579372548428234 13.69094211857377 6
      vertex 15.410264855515782 -12.748479794973795 6
      vertex 15.41026485551578 12.7484797949738 6
    endloop
  endfacet
  facet normal 0 0 1
    outer loop
      vertex 15.41026485551578 12.7484797949738 6
      vertex 16.18033988749895 -11.755705045849464 6
      vertex 16.18033988749895 11.755705045849464 6
    endloop
  endfacet
  facet normal 0 0 1
    outer loop
      vertex 16.18033988749895 11.755705045849464 6
      vertex 16.886558510040302 -10.716535899579933 6
      vertex 16.886558510040306 10.716535899579924 6
    endloop
  endfacet
  facet normal 0 0 1
    outer loop
      vertex 16.886558510040306 10.716535899579924 6
      vertex 17.526133600877273 -9.635073482034306 6
      vertex 17.52613360087727 9.635073482034308 6
    endloop
  endfacet
  facet normal 0 0 1
    outer loop
      vertex 17.52613360087727 9.635073482034308 6
      vertex 18.096541049320393 -8.515585831301454 6
      vertex 18.096541049320393 8.515585831301449 6
    endloop
  endfacet
  facet normal 0 0 1
    outer loop
      vertex 18.096541049320393 8.515585831301449 6
      vertex 18.595529717765025 -7.362491053693559 6
      vertex 18.595529717765025 7.362491053693567 6
    endloop
  endfacet
  facet normal 0 0 1
    outer loop
      vertex 18.595529717765025 7.362491053693567 6
      vertex 19.02113032590307 -6.180339887498948 6
      vertex 19.02113032590307 6.180339887498948 6
    endloop
  endfacet
  facet normal 0 0 1
    outer loop
      vertex 19.02113032590307 6.180339887498948 6
      vertex 19.37166322257262 -4.973797743297096 6
      vertex 19.371663222572625 4.973797743297089 6
    endloop
  endfacet
  facet normal 0 0 1
    outer loop
      vertex 19.371663222572625 4.973797743297089 6
      vertex 19.645745014573773 -3.7476262917144925 6
      vertex 19.645745014573773 3.7476262917144965 6
    endloop
  endfacet
  facet normal 0 0 1
    outer loop
      vertex 19.645745014573773 3.7476262917144965 6
      vertex 19.842294026289558 -2.506664671286085 6
      vertex 19.842294026289558 2.506664671286081 6
    endloop
  endfacet
  facet normal 0 0 1
    outer loop
      vertex 19.842294026289558 2.506664671286081 6
      vertex 19.960534568565432 -1.2558103905862674 6
      vertex 19.960534568565432 1.2558103905862752 6
    endloop
  endfacet
  facet normal 0 0 1
    outer loop
      vertex 19.960534568565432 1.2558103905862752 6
      vertex 19.960534568565432 -1.2558103905862674 6
      vertex 20 0 6
    endloop
  endfacet
  facet normal 0.8910065241883673 0.4539904997395479 0
    outer loop
      vertex 17.52613360087727 9.635073482034308 6
      vertex 18.096541049320393 8.515585831301449 6
      vertex 17.52613360087727 9.635073482034308 0
    endloop
  endfacet
  facet normal 0.9177546256839813 0.3971478906347804 0
    outer loop
      vertex 18.096541049320393 8.515585831301449 6
      vertex 18.595529717765025 7.362491053693567 6
      vertex 18.096541049320393 8.515585831301449 0
    endloop
  endfacet
  facet normal 0.940880768954226 0.33873792024528976 0
    outer loop
      vertex 18.595529717765025 7.362491053693567 6
      vertex 19.02113032590307 6.180339887498948 6
      vertex 18.595529717765025 7.362491053693567 0
    endloop
  endfacet
  facet normal 0.9602936856769425 0.27899110603923144 0
    outer loop
      vertex 19.02113032590307 6.180339887498948 6
      vertex 19.371663222572625 4.973797743297089 6
      vertex 19.02113032590307 6.180339887498948 0
    endloop
  endfacet
  facet normal 0.9759167619387475 0.2181432413965419 0
    outer loop
      vertex 19.371663222572625 4.973797743297089 6
      vertex 19.645745014573773 3.7476262917144965 6
      vertex 19.371663222572625 4.973797743297089 0
    endloop
  endfacet
  facet normal 0.9876883405951377 0.1564344650402314 0
    outer loop
      vertex 19.645745014573773 3.7476262917144965 6
      vertex 19.842294026289558 2.506664671286081 6
      vertex 19.645745014573773 3.7476262917144965 0
    endloop
  endfacet
  facet normal 0.9955619646030799 0.09410831331851476 0
    outer loop
      vertex 19.842294026289558 2.506664671286081 6
      vertex 19.960534568565432 1.2558103905862752 6
      vertex 19.842294026289558 2.506664671286081 0
    endloop
  endfacet
  facet normal 0.9995065603657315 0.03141075907812744 0
    outer loop
      vertex 19.960534568565432 1.2558103905862752 6
      vertex 20 0 6
      vertex 19.960534568565432 1.2558103905862752 0
    endloop
  endfacet
  facet normal 0.03141075907812744 0.9995065603657315 0
    outer loop
      vertex 0 20 6
      vertex 1.2558103905862752 19.960534568565432 0
      vertex 0 20 0
    endloop
  endfacet
  facet normal 0.09410831331851476 0.9955619646030799 0
    outer loop
      vertex 1.2558103905862752 19.960534568565432 6
      vertex 2.506664671286081 19.842294026289558 0
      vertex 1.2558103905862752 19.960534568565432 0
    endloop
  endfacet
  facet normal 0.1564344650402314 0.9876883405951377 0
    outer loop
      vertex 2.506664671286081 19.842294026289558 6
      vertex 3.7476262917144965 19.645745014573773 0
      vertex 2.506664671286081 19.842294026289558 0
    endloop
  endfacet
  facet normal 0.2181432413965419 0.9759167619387475 0
    outer loop
      vertex 3.7476262917144965 19.645745014573773 6
      vertex 4.973797743297089 19.371663222572625 0
      vertex 3.7476262917144965 19.645745014573773 0
    endloop
  endfacet
  facet normal 0.27899110603923144 0.9602936856769425 0
    outer loop
      vertex 4.973797743297089 19.371663222572625 6
      vertex 6.180339887498948 19.02113032590307 0
      vertex 4.973797743297089 19.371663222572625 0
    endloop
  endfacet
  facet normal 0.33873792024528976 0.940880768954226 0
    outer loop
      vertex 6.180339887498948 19.02113032590307 6
      vertex 7.362491053693567 18.595529717765025 0
      vertex 6.180339887498948 19.02113032590307 0
    endloop
  endfacet
  facet normal 0.3971478906347804 0.9177546256839813 0
    outer loop
      vertex 7.362491053693567 18.595529717765025 6
      vertex 8.515585831301449 18.096541049320393 0
      vertex 7.362491053693567 18.595529717765025 0
    endloop
  endfacet
  facet normal 0.4539904997395479 0.8910065241883673 0
    outer loop
      vertex 8.515585831301449 18.096541049320393 6
      vertex 9.635073482034308 17.52613360087727 0
      vertex 8.515585831301449 18.096541049320393 0
    endloop
  endfacet
  facet normal 0.5090414157503711 0.8607420270039436 0
    outer loop
      vertex 9.635073482034308 17.52613360087727 6
      vertex 10.716535899579924 16.886558510040306 0
      vertex 9.635073482034308 17.52613360087727 0
    endloop
  endfacet
  facet normal 0 0 -1
    outer loop
      vertex 1.2558103905862752 19.960534568565432 0
      vertex 2.506664671286081 19.842294026289558 0
      vertex -3.196762502193451 4.083200000226498 0
    endloop
  endfacet
  facet normal 0 0 -1
    outer loop
      vertex 2.506664671286081 19.842294026289558 0
      vertex 3.7476262917144965 19.645745014573773 0
      vertex 2.448562502861023 4.083200000226498 0
    endloop
  endfacet
  facet normal 0 0 -1
    outer loop
      vertex 3.7476262917144965 19.645745014573773 0
      vertex 4.973797743297089 19.371663222572625 0
      vertex 3.1305375024676323 4.083200000226498 0
    endloop
  endfacet
  facet normal 0 0 -1
    outer loop
      vertex 4.973797743297089 19.371663222572625 0
      vertex 6.180339887498948 19.02113032590307 0
      vertex 4.613080151379108 3.8702855706214905 0
    endloop
  endfacet
  facet normal 0 0 -1
    outer loop
      vertex 6.180339887498948 19.02113032590307 0
      vertex 7.362491053693567 18.595529717765025 0
      vertex 4.613080151379108 3.8702855706214905 0
    endloop
  endfacet
  facet normal 0 0 -1
    outer loop
      vertex 7.362491053693567 18.595529717765025 0
      vertex 8.515585831301449 18.096541049320393 0
      vertex 6.396515712141991 1.327208124101162 0
    endloop
  endfacet
  facet normal 0 0 -1
    outer loop
      vertex 8.515585831301449 18.096541049320393 0
      vertex 9.635073482034308 17.52613360087727 0
      vertex 8.140035271644592 3.8662369772791862 0
    endloop
  endfacet
  facet normal 0 0 -1
    outer loop
      vertex 9.635073482034308 17.52613360087727 0
      vertex 10.716535899579924 16.886558510040306 0
      vertex 9.625312499701977 4.083200000226498 0
    endloop
  endfacet
  facet normal 0 0 -1
    outer loop
      vertex 2.506664671286081 19.842294026289558 0
      vertex 2.448562502861023 4.083200000226498 0
      vertex -3.196762502193451 4.083200000226498 0
    endloop
  endfacet
  facet normal 0 0 -1
    outer loop
      vertex 3.7476262917144965 19.645745014573773 0
      vertex 2.7304424196481705 3.87840224057436 0
      vertex 2.448562502861023 4.083200000226498 0
    endloop
  endfacet
  facet normal 0 0 -1
    outer loop
      vertex 3.7476262917144965 19.645745014573773 0
      vertex 3.1305375024676323 4.083200000226498 0
      vertex 2.7304424196481705 3.87840224057436 0
    endloop
  endfacet
  facet normal 0 0 -1
    outer loop
      vertex 4.973797743297089 19.371663222572625 0
      vertex 4.203712500631809 4.083200000226498 0
      vertex 3.1305375024676323 4.083200000226498 0
    endloop
  endfacet
  facet normal 0 0 -1
    outer loop
      vertex 4.973797743297089 19.371663222572625 0
      vertex 4.613080151379108 3.8702855706214905 0
      vertex 4.203712500631809 4.083200000226498 0
    endloop
  endfacet
  facet normal 0 0 -1
    outer loop
      vertex 2.448562502861023 2.289774999022484 0
      vertex 1.9348874986171722 0.7925750017166138 0
      vertex -1.7253625020384789 0.7925750017166138 0
    endloop
  endfacet
  facet normal 0 0 -1
    outer loop
      vertex 2.6030709967017174 2.314246743917465 0
      vertex 2.410415753722191 0.4470834955573082 0
      vertex 2.448562502861023 2.289774999022484 0
    endloop
  endfacet
  facet normal 0 0 -1
    outer loop
      vertex 2.448562502861023 2.289774999022484 0
      vertex 2.410415753722191 0.4470834955573082 0
      vertex 1.9348874986171722 0.7925750017166138 0
    endloop
  endfacet
  facet normal 0 0 -1
    outer loop
      vertex 2.6030709967017174 2.314246743917465 0
      vertex 2.4348874986171722 0.29257500171661377 0
      vertex 2.410415753722191 0.4470834955573082 0
    endloop
  endfacet
  facet normal 0 0 -1
    outer loop
      vertex 2.6030709967017174 2.314246743917465 0
      vertex 2.4348874986171722 -0.4906499981880188 0
      vertex 2.4348874986171722 0.29257500171661377 0
    endloop
  endfacet
  facet normal 0 0 -1
    outer loop
      vertex 5.237082757055759 -0.13994349539279938 0
      vertex 2.948562502861023 2.789774999022484 0
      vertex 2.948562502861023 2.9853964671492577 0
    endloop
  endfacet
  facet normal 0 0 -1
    outer loop
      vertex 5.237082757055759 -0.13994349539279938 0
      vertex 2.6030709967017174 2.314246743917465 0
      vertex 2.948562502861023 2.789774999022484 0
    endloop
  endfacet
  facet normal 0 0 -1
    outer loop
      vertex 7.362491053693567 18.595529717765025 0
      vertex 6.396515712141991 1.327208124101162 0
      vertex 4.613080151379108 3.8702855706214905 0
    endloop
  endfacet
  facet normal 0 0 -1
    outer loop
      vertex 8.515585831301449 18.096541049320393 0
      vertex 8.140035271644592 3.8662369772791862 0
      vertex 6.396515712141991 1.327208124101162 0
    endloop
  endfacet
  facet normal 0 0 -1
    outer loop
      vertex 9.635073482034308 17.52613360087727 0
      vertex 8.552212499082088 4.083200000226498 0
      vertex 8.140035271644592 3.8662369772791862 0
    endloop
  endfacet
  facet normal 0 0 -1
    outer loop
      vertex 9.635073482034308 17.52613360087727 0
      vertex 9.625312499701977 4.083200000226498 0
      vertex 8.552212499082088 4.083200000226498 0
    endloop
  endfacet
  facet normal 0 0 -1
    outer loop
      vertex 10.100840754806995 3.737708494067192 0
      vertex 9.82269486039877 -3.2909076884388924 0
      vertex 10.033442668616772 3.2943578884005547 0
    endloop
  endfacet
  facet normal 0.5620833778521291 0.8270805742745629 0
    outer loop
      vertex 10.716535899579924 16.886558510040306 6
      vertex 11.755705045849464 16.18033988749895 0
      vertex 10.716535899579924 16.886558510040306 0
    endloop
  endfacet
  facet normal 0.6129070536529768 0.7901550123756901 0
    outer loop
      vertex 11.755705045849464 16.18033988749895 6
      vertex 12.7484797949738 15.41026485551578 0
      vertex 11.755705045849464 16.18033988749895 0
    endloop
  endfacet
  facet normal 0.6613118653236527 0.7501110696304588 0
    outer loop
      vertex 12.7484797949738 15.41026485551578 6
      vertex 13.69094211857377 14.579372548428234 0
      vertex 12.7484797949738 15.41026485551578 0
    endloop
  endfacet
  facet normal 0.7071067811865475 0.7071067811865475 0
    outer loop
      vertex 14.579372548428234 13.69094211857377 6
      vertex 14.579372548428234 13.69094211857377 0
      vertex 13.69094211857377 14.579372548428234 0
    endloop
  endfacet
  facet normal 0.7501110696304588 0.6613118653236527 0
    outer loop
      vertex 15.41026485551578 12.7484797949738 6
      vertex 15.41026485551578 12.7484797949738 0
      vertex 14.579372548428234 13.69094211857377 0
    endloop
  endfacet
  facet normal 0.7901550123756901 0.6129070536529768 0
    outer loop
      vertex 16.18033988749895 11.755705045849464 6
      vertex 16.18033988749895 11.755705045849464 0
      vertex 15.41026485551578 12.7484797949738 0
    endloop
  endfacet
  facet normal 0.8270805742745629 0.5620833778521291 0
    outer loop
      vertex 16.886558510040306 10.716535899579924 6
      vertex 16.886558510040306 10.716535899579924 0
      vertex 16.18033988749895 11.755705045849464 0
    endloop
  endfacet
  facet normal 0.8607420270039436 0.5090414157503711 0
    outer loop
      vertex 17.52613360087727 9.635073482034308 6
      vertex 17.52613360087727 9.635073482034308 0
      vertex 16.886558510040306 10.716535899579924 0
    endloop
  endfacet
  facet normal 0.8910065241883673 0.4539904997395479 0
    outer loop
      vertex 18.096541049320393 8.515585831301449 6
      vertex 18.096541049320393 8.515585831301449 0
      vertex 17.52613360087727 9.635073482034308 0
    endloop
  endfacet
  facet normal 0.9177546256839813 0.3971478906347804 0
    outer loop
      vertex 18.595529717765025 7.362491053693567 6
      vertex 18.595529717765025 7.362491053693567 0
      vertex 18.096541049320393 8.515585831301449 0
    endloop
  endfacet
  facet normal 0.940880768954226 0.33873792024528976 0
    outer loop
      vertex 19.02113032590307 6.180339887498948 6
      vertex 19.02113032590307 6.180339887498948 0
      vertex 18.595529717765025 7.362491053693567 0
    endloop
  endfacet
  facet normal 0.9602936856769425 0.27899110603923144 0
    outer loop
      vertex 19.371663222572625 4.973797743297089 6
      vertex 19.371663222572625 4.973797743297089 0
      vertex 19.02113032590307 6.180339887498948 0
    endloop
  endfacet
  facet normal 0.9759167619387475 0.2181432413965419 0
    outer loop
      vertex 19.645745014573773 3.7476262917144965 6
      vertex 19.645745014573773 3.7476262917144965 0
      vertex 19.371663222572625 4.973797743297089 0
    endloop
  endfacet
  facet normal 0.9876883405951377 0.1564344650402314 0
    outer loop
      vertex 19.842294026289558 2.506664671286081 6
      vertex 19.842294026289558 2.506664671286081 0
      vertex 19.645745014573773 3.7476262917144965 0
    endloop
  endfacet
  facet normal 0.9955619646030799 0.09410831331851476 0
    outer loop
      vertex 19.960534568565432 1.2558103905862752 6
      vertex 19.960534568565432 1.2558103905862752 0
      vertex 19.842294026289558 2.506664671286081 0
    endloop
  endfacet
  facet normal 0.9995065603657315 0.03141075907812744 -4.502614754358588e-19
    outer loop
      vertex 19.960534568565432 1.2558103905862752 0
      vertex 20 0 6
      vertex 20 0 0
    endloop
  endfacet
  facet normal 0 0 -1
    outer loop
      vertex 10.716535899579924 16.886558510040306 0
      vertex 10.100840754806995 3.737708494067192 0
      vertex 9.625312499701977 4.083200000226498 0
    endloop
  endfacet
  facet normal 0 0 -1
    outer loop
      vertex 10.716535899579924 16.886558510040306 0
      vertex 11.755705045849464 16.18033988749895 0
      vertex 10.716535899579933 -16.886558510040302 0
    endloop
  endfacet
  facet normal 0 0 -1
    outer loop
      vertex 11.755705045849464 16.18033988749895 0
      vertex 12.7484797949738 15.41026485551578 0
      vertex 11.755705045849464 -16.18033988749895 0
    endloop
  endfacet
  facet normal 0 0 -1
    outer loop
      vertex 10.716535899579924 16.886558510040306 0
      vertex 9.635073482034304 -17.526133600877273 0
      vertex 10.100840754806995 3.737708494067192 0
    endloop
  endfacet
  facet normal 0 0 -1
    outer loop
      vertex 12.7484797949738 15.41026485551578 0
      vertex 13.69094211857377 14.579372548428234 0
      vertex 12.748479794973795 -15.410264855515782 0
    endloop
  endfacet
  facet normal 0 0 -1
    outer loop
      vertex 13.69094211857377 14.579372548428234 0
      vertex 14.579372548428234 13.69094211857377 0
      vertex 13.690942118573775 -14.579372548428232 0
    endloop
  endfacet
  facet normal 0 0 -1
    outer loop
      vertex 14.579372548428234 13.69094211857377 0
      vertex 15.41026485551578 12.7484797949738 0
      vertex 14.579372548428232 -13.690942118573775 0
    endloop
  endfacet
  facet normal 0 0 -1
    outer loop
      vertex 15.41026485551578 12.7484797949738 0
      vertex 16.18033988749895 11.755705045849464 0
      vertex 15.410264855515782 -12.748479794973795 0
    endloop
  endfacet
  facet normal 0 0 -1
    outer loop
      vertex 16.18033988749895 11.755705045849464 0
      vertex 16.886558510040306 10.716535899579924 0
      vertex 16.18033988749895 -11.755705045849464 0
    endloop
  endfacet
  facet normal 0 0 -1
    outer loop
      vertex 16.886558510040306 10.716535899579924 0
      vertex 17.52613360087727 9.635073482034308 0
      vertex 16.886558510040302 -10.716535899579933 0
    endloop
  endfacet
  facet normal 0 0 -1
    outer loop
      vertex 17.52613360087727 9.635073482034308 0
      vertex 18.096541049320393 8.515585831301449 0
      vertex 17.526133600877273 -9.635073482034306 0
    endloop
  endfacet
  facet normal 0 0 -1
    outer loop
      vertex 18.096541049320393 8.515585831301449 0
      vertex 18.595529717765025 7.362491053693567 0
      vertex 18.096541049320393 -8.515585831301454 0
    endloop
  endfacet
  facet normal 0 0 -1
    outer loop
      vertex 18.595529717765025 7.362491053693567 0
      vertex 19.02113032590307 6.180339887498948 0
      vertex 18.595529717765025 -7.362491053693559 0
    endloop
  endfacet
  facet normal 0 0 -1
    outer loop
      vertex 19.02113032590307 6.180339887498948 0
      vertex 19.371663222572625 4.973797743297089 0
      vertex 19.02113032590307 -6.180339887498948 0
    endloop
  endfacet
  facet normal 0 0 -1
    outer loop
      vertex 19.371663222572625 4.973797743297089 0
      vertex 19.645745014573773 3.7476262917144965 0
      vertex 19.37166322257262 -4.973797743297096 0
    endloop
  endfacet
  facet normal 0 0 -1
    outer loop
      vertex 19.645745014573773 3.7476262917144965 0
      vertex 19.842294026289558 2.506664671286081 0
      vertex 19.645745014573773 -3.7476262917144925 0
    endloop
  endfacet
  facet normal 0 0 -1
    outer loop
      vertex 19.842294026289558 2.506664671286081 0
      vertex 19.960534568565432 1.2558103905862752 0
      vertex 19.842294026289558 -2.506664671286085 0
    endloop
  endfacet
  facet normal 0 0 -1
    outer loop
      vertex 19.960534568565432 1.2558103905862752 0
      vertex 20 0 0
      vertex 19.960534568565432 -1.2558103905862674 0
    endloop
  endfacet
  facet normal 0 0 1
    outer loop
      vertex 3.7476262917144916 -19.645745014573773 6
      vertex 3.541406145062151 -4.874327391109059 6
      vertex 3.228356439748455 -5.087075751149641 6
    endloop
  endfacet
  facet normal 0 0 1
    outer loop
      vertex 4.973797743297097 -19.37166322257262 6
      vertex 3.840479538235856 -4.64234228772413 6
      vertex 3.541406145062151 -4.874327391109059 6
    endloop
  endfacet
  facet normal 0 0 1
    outer loop
      vertex 4.973797743297097 -19.37166322257262 6
      vertex 4.12439631322035 -4.392035980214005 6
      vertex 3.840479538235856 -4.64234228772413 6
    endloop
  endfacet
  facet normal 0 0 1
    outer loop
      vertex 4.973797743297097 -19.37166322257262 6
      vertex 4.392035980214005 -4.12439631322035 6
      vertex 4.12439631322035 -4.392035980214005 6
    endloop
  endfacet
  facet normal 0 0 1
    outer loop
      vertex 4.973797743297097 -19.37166322257262 6
      vertex 4.64234228772413 -3.840479538235856 6
      vertex 4.392035980214005 -4.12439631322035 6
    endloop
  endfacet
  facet normal 0 0 1
    outer loop
      vertex 4.973797743297097 -19.37166322257262 6
      vertex 4.874327391109059 -3.541406145062151 6
      vertex 4.64234228772413 -3.840479538235856 6
    endloop
  endfacet
  facet normal 0 0 1
    outer loop
      vertex 6.180339887498948 19.02113032590307 6
      vertex 6.025 0 6
      vertex 6.180339887498948 -19.02113032590307 6
    endloop
  endfacet
  facet normal 0 0 1
    outer loop
      vertex 6.180339887498948 -19.02113032590307 6
      vertex 6.025 0 6
      vertex 6.013111038780337 -0.3783128801641131 6
    endloop
  endfacet
  facet normal 0 0 1
    outer loop
      vertex 6.180339887498948 -19.02113032590307 6
      vertex 6.013111038780337 -0.3783128801641131 6
      vertex 5.97749107541973 -0.7551327322249332 6
    endloop
  endfacet
  facet normal 0 0 1
    outer loop
      vertex 6.180339887498948 -19.02113032590307 6
      vertex 5.835713545800003 -1.4983565701682502 6
      vertex 5.7301155106783 -1.8618273911090581 6
    endloop
  endfacet
  facet normal 0 0 1
    outer loop
      vertex 6.180339887498948 -19.02113032590307 6
      vertex 5.97749107541973 -0.7551327322249332 6
      vertex 5.91828068564035 -1.128972420378991 6
    endloop
  endfacet
  facet normal 0 0 1
    outer loop
      vertex 6.180339887498948 -19.02113032590307 6
      vertex 5.91828068564035 -1.128972420378991 6
      vertex 5.835713545800003 -1.4983565701682502 6
    endloop
  endfacet
  facet normal 0 0 1
    outer loop
      vertex 6.180339887498948 19.02113032590307 6
      vertex 6.180339887498948 -19.02113032590307 6
      vertex 7.3624910536935575 -18.59552971776503 6
    endloop
  endfacet
  facet normal 0 0 1
    outer loop
      vertex 6.180339887498948 -19.02113032590307 6
      vertex 5.279747747264278 -2.902565886462835 6
      vertex 5.087075751149641 -3.228356439748455 6
    endloop
  endfacet
  facet normal 0 0 1
    outer loop
      vertex 6.180339887498948 -19.02113032590307 6
      vertex 5.087075751149641 -3.228356439748455 6
      vertex 4.874327391109059 -3.541406145062151 6
    endloop
  endfacet
  facet normal 0 0 1
    outer loop
      vertex 6.180339887498948 -19.02113032590307 6
      vertex 5.7301155106783 -1.8618273911090581 6
      vertex 5.601903327476714 -2.217950429925185 6
    endloop
  endfacet
  facet normal 0 0 1
    outer loop
      vertex 6.180339887498948 -19.02113032590307 6
      vertex 5.601903327476714 -2.217950429925185 6
      vertex 5.4515829911077684 -2.565320231679563 6
    endloop
  endfacet
  facet normal 0 0 1
    outer loop
      vertex 6.180339887498948 -19.02113032590307 6
      vertex 5.4515829911077684 -2.565320231679563 6
      vertex 5.279747747264278 -2.902565886462835 6
    endloop
  endfacet
  facet normal 0 0 1
    outer loop
      vertex 7.362491053693567 18.595529717765025 6
      vertex 7.3624910536935575 -18.59552971776503 6
      vertex 8.515585831301454 -18.09654104932039 6
    endloop
  endfacet
  facet normal 0 0 1
    outer loop
      vertex 8.515585831301449 18.096541049320393 6
      vertex 8.515585831301454 -18.09654104932039 6
      vertex 9.635073482034304 -17.526133600877273 6
    endloop
  endfacet
  facet normal 0 0 1
    outer loop
      vertex 9.635073482034308 17.52613360087727 6
      vertex 9.635073482034304 -17.526133600877273 6
      vertex 10.716535899579933 -16.886558510040302 6
    endloop
  endfacet
  facet normal 0 0 1
    outer loop
      vertex 1.2558103905862654 -19.960534568565432 6
      vertex 0.3783128801641125 -6.013111038780337 6
      vertex 0 -6.025 6
    endloop
  endfacet
  facet normal 0 0 1
    outer loop
      vertex 1.2558103905862654 -19.960534568565432 6
      vertex 1.1289724203789906 -5.91828068564035 6
      vertex 0.7551327322249334 -5.97749107541973 6
    endloop
  endfacet
  facet normal 0 0 1
    outer loop
      vertex 1.2558103905862654 -19.960534568565432 6
      vertex 0.7551327322249334 -5.97749107541973 6
      vertex 0.3783128801641125 -6.013111038780337 6
    endloop
  endfacet
  facet normal 0 0 1
    outer loop
      vertex 2.5066646712860856 -19.842294026289558 6
      vertex 1.4983565701682506 -5.835713545800003 6
      vertex 1.1289724203789906 -5.91828068564035 6
    endloop
  endfacet
  facet normal 0 0 1
    outer loop
      vertex 2.5066646712860856 -19.842294026289558 6
      vertex 1.8618273911090581 -5.7301155106783 6
      vertex 1.4983565701682506 -5.835713545800003 6
    endloop
  endfacet
  facet normal 0 0 1
    outer loop
      vertex 2.5066646712860856 -19.842294026289558 6
      vertex 2.2179504299251844 -5.601903327476715 6
      vertex 1.8618273911090581 -5.7301155106783 6
    endloop
  endfacet
  facet normal 0 0 1
    outer loop
      vertex 3.7476262917144916 -19.645745014573773 6
      vertex 2.5653202316795634 -5.451582991107768 6
      vertex 2.2179504299251844 -5.601903327476715 6
    endloop
  endfacet
  facet normal 0 0 1
    outer loop
      vertex 3.7476262917144916 -19.645745014573773 6
      vertex 2.9025658864628343 -5.279747747264278 6
      vertex 2.5653202316795634 -5.451582991107768 6
    endloop
  endfacet
  facet normal 0 0 1
    outer loop
      vertex 3.7476262917144916 -19.645745014573773 6
      vertex 3.228356439748455 -5.087075751149641 6
      vertex 2.9025658864628343 -5.279747747264278 6
    endloop
  endfacet
  facet normal 0 0 1
    outer loop
      vertex 3.7476262917144916 -19.645745014573773 6
      vertex 4.973797743297097 -19.37166322257262 6
      vertex 3.541406145062151 -4.874327391109059 6
    endloop
  endfacet
  facet normal 0 0 1
    outer loop
      vertex 0 -20 6
      vertex 1.2558103905862654 -19.960534568565432 6
      vertex 0 -6.025 6
    endloop
  endfacet
  facet normal 0 0 1
    outer loop
      vertex 1.2558103905862654 -19.960534568565432 6
      vertex 2.5066646712860856 -19.842294026289558 6
      vertex 1.1289724203789906 -5.91828068564035 6
    endloop
  endfacet
  facet normal 0 0 1
    outer loop
      vertex 2.5066646712860856 -19.842294026289558 6
      vertex 3.7476262917144916 -19.645745014573773 6
      vertex 2.2179504299251844 -5.601903327476715 6
    endloop
  endfacet
  facet normal 0 0 1
    outer loop
      vertex 4.973797743297097 -19.37166322257262 6
      vertex 6.180339887498948 -19.02113032590307 6
      vertex 4.874327391109059 -3.541406145062151 6
    endloop
  endfacet
  facet normal 0.03141075907812769 -0.9995065603657316 0
    outer loop
      vertex 0 -20 6
      vertex 0 -20 0
      vertex 1.2558103905862654 -19.960534568565432 6
    endloop
  endfacet
  facet normal 0.0941083133185137 -0.9955619646030801 0
    outer loop
      vertex 1.2558103905862654 -19.960534568565432 6
      vertex 1.2558103905862654 -19.960534568565432 0
      vertex 2.5066646712860856 -19.842294026289558 6
    endloop
  endfacet
  facet normal 0.15643446504023253 -0.9876883405951374 0
    outer loop
      vertex 2.5066646712860856 -19.842294026289558 6
      vertex 2.5066646712860856 -19.842294026289558 0
      vertex 3.7476262917144916 -19.645745014573773 6
    endloop
  endfacet
  facet normal 0.21814324139654243 -0.9759167619387474 0
    outer loop
      vertex 3.7476262917144916 -19.645745014573773 6
      vertex 3.7476262917144916 -19.645745014573773 0
      vertex 4.973797743297097 -19.37166322257262 6
    endloop
  endfacet
  facet normal 0.2789911060392305 -0.9602936856769426 0
    outer loop
      vertex 4.973797743297097 -19.37166322257262 6
      vertex 4.973797743297097 -19.37166322257262 0
      vertex 6.180339887498948 -19.02113032590307 6
    endloop
  endfacet
  facet normal 0.33873792024528976 -0.940880768954226 0
    outer loop
      vertex 6.180339887498948 -19.02113032590307 6
      vertex 6.180339887498948 -19.02113032590307 0
      vertex 7.3624910536935575 -18.59552971776503 6
    endloop
  endfacet
  facet normal 0.509041415750371 -0.8607420270039439 0
    outer loop
      vertex 9.635073482034304 -17.526133600877273 6
      vertex 9.635073482034304 -17.526133600877273 0
      vertex 10.716535899579933 -16.886558510040302 6
    endloop
  endfacet
  facet normal 0.39714789063478073 -0.917754625683981 0
    outer loop
      vertex 7.3624910536935575 -18.59552971776503 6
      vertex 7.3624910536935575 -18.59552971776503 0
      vertex 8.515585831301454 -18.09654104932039 6
    endloop
  endfacet
  facet normal 0.45399049973954625 -0.8910065241883681 0
    outer loop
      vertex 8.515585831301454 -18.09654104932039 6
      vertex 8.515585831301454 -18.09654104932039 0
      vertex 9.635073482034304 -17.526133600877273 6
    endloop
  endfacet
  facet normal 0 0 1
    outer loop
      vertex 12.7484797949738 15.41026485551578 6
      vertex 12.748479794973795 -15.410264855515782 6
      vertex 13.690942118573775 -14.579372548428232 6
    endloop
  endfacet
  facet normal 0 0 1
    outer loop
      vertex 13.69094211857377 14.579372548428234 6
      vertex 13.690942118573775 -14.579372548428232 6
      vertex 14.579372548428232 -13.690942118573775 6
    endloop
  endfacet
  facet normal 0 0 1
    outer loop
      vertex 14.579372548428234 13.69094211857377 6
      vertex 14.579372548428232 -13.690942118573775 6
      vertex 15.410264855515782 -12.748479794973795 6
    endloop
  endfacet
  facet normal 0 0 1
    outer loop
      vertex 10.716535899579924 16.886558510040306 6
      vertex 10.716535899579933 -16.886558510040302 6
      vertex 11.755705045849464 -16.18033988749895 6
    endloop
  endfacet
  facet normal 0 0 1
    outer loop
      vertex 11.755705045849464 16.18033988749895 6
      vertex 11.755705045849464 -16.18033988749895 6
      vertex 12.748479794973795 -15.410264855515782 6
    endloop
  endfacet
  facet normal 0 0 1
    outer loop
      vertex 15.41026485551578 12.7484797949738 6
      vertex 15.410264855515782 -12.748479794973795 6
      vertex 16.18033988749895 -11.755705045849464 6
    endloop
  endfacet
  facet normal 0 0 1
    outer loop
      vertex 16.18033988749895 11.755705045849464 6
      vertex 16.18033988749895 -11.755705045849464 6
      vertex 16.886558510040302 -10.716535899579933 6
    endloop
  endfacet
  facet normal 0 0 1
    outer loop
      vertex 16.886558510040306 10.716535899579924 6
      vertex 16.886558510040302 -10.716535899579933 6
      vertex 17.526133600877273 -9.635073482034306 6
    endloop
  endfacet
  facet normal 0 0 1
    outer loop
      vertex 18.096541049320393 8.515585831301449 6
      vertex 18.096541049320393 -8.515585831301454 6
      vertex 18.595529717765025 -7.362491053693559 6
    endloop
  endfacet
  facet normal 0 0 1
    outer loop
      vertex 18.595529717765025 7.362491053693567 6
      vertex 18.595529717765025 -7.362491053693559 6
      vertex 19.02113032590307 -6.180339887498948 6
    endloop
  endfacet
  facet normal 0 0 1
    outer loop
      vertex 19.842294026289558 2.506664671286081 6
      vertex 19.842294026289558 -2.506664671286085 6
      vertex 19.960534568565432 -1.2558103905862674 6
    endloop
  endfacet
  facet normal 0 0 1
    outer loop
      vertex 19.371663222572625 4.973797743297089 6
      vertex 19.37166322257262 -4.973797743297096 6
      vertex 19.645745014573773 -3.7476262917144925 6
    endloop
  endfacet
  facet normal 0 0 1
    outer loop
      vertex 19.645745014573773 3.7476262917144965 6
      vertex 19.645745014573773 -3.7476262917144925 6
      vertex 19.842294026289558 -2.506664671286085 6
    endloop
  endfacet
  facet normal 0 0 1
    outer loop
      vertex 19.02113032590307 6.180339887498948 6
      vertex 19.02113032590307 -6.180339887498948 6
      vertex 19.37166322257262 -4.973797743297096 6
    endloop
  endfacet
  facet normal 0 0 1
    outer loop
      vertex 17.52613360087727 9.635073482034308 6
      vertex 17.526133600877273 -9.635073482034306 6
      vertex 18.096541049320393 -8.515585831301454 6
    endloop
  endfacet
  facet normal 0.9995065603657315 -0.03141075907812764 0
    outer loop
      vertex 20 0 6
      vertex 19.960534568565432 -1.2558103905862674 6
      vertex 20 0 0
    endloop
  endfacet
  facet normal 0.9955619646030801 -0.09410831331851388 0
    outer loop
      vertex 19.960534568565432 -1.2558103905862674 6
      vertex 19.842294026289558 -2.506664671286085 6
      vertex 19.960534568565432 -1.2558103905862674 0
    endloop
  endfacet
  facet normal 0.9876883405951374 -0.15643446504023237 0
    outer loop
      vertex 19.842294026289558 -2.506664671286085 6
      vertex 19.645745014573773 -3.7476262917144925 6
      vertex 19.842294026289558 -2.506664671286085 0
    endloop
  endfacet
  facet normal 0.9759167619387473 -0.2181432413965427 0
    outer loop
      vertex 19.645745014573773 -3.7476262917144925 6
      vertex 19.37166322257262 -4.973797743297096 6
      vertex 19.645745014573773 -3.7476262917144925 0
    endloop
  endfacet
  facet normal 0.8607420270039434 -0.5090414157503717 0
    outer loop
      vertex 17.526133600877273 -9.635073482034306 6
      vertex 16.886558510040302 -10.716535899579933 6
      vertex 17.526133600877273 -9.635073482034306 0
    endloop
  endfacet
  facet normal 0.9602936856769428 -0.27899110603923033 0
    outer loop
      vertex 19.37166322257262 -4.973797743297096 6
      vertex 19.02113032590307 -6.180339887498948 6
      vertex 19.37166322257262 -4.973797743297096 0
    endloop
  endfacet
  facet normal 0.9408807689542253 -0.3387379202452918 1.695063229835172e-18
    outer loop
      vertex 18.595529717765025 -7.362491053693559 6
      vertex 19.02113032590307 -6.180339887498948 0
      vertex 19.02113032590307 -6.180339887498948 6
    endloop
  endfacet
  facet normal 0.9177546256839829 -0.3971478906347765 0
    outer loop
      vertex 18.595529717765025 -7.362491053693559 6
      vertex 18.096541049320393 -8.515585831301454 6
      vertex 18.595529717765025 -7.362491053693559 0
    endloop
  endfacet
  facet normal 0.8910065241883672 -0.4539904997395479 0
    outer loop
      vertex 18.096541049320393 -8.515585831301454 6
      vertex 17.526133600877273 -9.635073482034306 6
      vertex 18.096541049320393 -8.515585831301454 0
    endloop
  endfacet
  facet normal 0.7071067811865475 -0.7071067811865475 1.2015093971063156e-18
    outer loop
      vertex 13.690942118573775 -14.579372548428232 6
      vertex 14.579372548428232 -13.690942118573775 0
      vertex 14.579372548428232 -13.690942118573775 6
    endloop
  endfacet
  facet normal 0.5620833778521305 -0.8270805742745618 0
    outer loop
      vertex 10.716535899579933 -16.886558510040302 6
      vertex 10.716535899579933 -16.886558510040302 0
      vertex 11.755705045849464 -16.18033988749895 6
    endloop
  endfacet
  facet normal 0.612907053652978 -0.7901550123756892 0
    outer loop
      vertex 11.755705045849464 -16.18033988749895 6
      vertex 11.755705045849464 -16.18033988749895 0
      vertex 12.748479794973795 -15.410264855515782 6
    endloop
  endfacet
  facet normal 0.66131186532365 -0.7501110696304611 6.165414551725394e-18
    outer loop
      vertex 13.690942118573775 -14.579372548428232 6
      vertex 12.748479794973795 -15.410264855515782 6
      vertex 12.748479794973795 -15.410264855515782 0
    endloop
  endfacet
  facet normal 0.7901550123756892 -0.612907053652978 0
    outer loop
      vertex 16.18033988749895 -11.755705045849464 6
      vertex 15.410264855515782 -12.748479794973795 6
      vertex 16.18033988749895 -11.755705045849464 0
    endloop
  endfacet
  facet normal 0.8270805742745618 -0.5620833778521305 3.7622780270251724e-18
    outer loop
      vertex 16.18033988749895 -11.755705045849464 6
      vertex 16.886558510040302 -10.716535899579933 0
      vertex 16.886558510040302 -10.716535899579933 6
    endloop
  endfacet
  facet normal 0.7501110696304611 -0.66131186532365 6.165414551725394e-18
    outer loop
      vertex 14.579372548428232 -13.690942118573775 6
      vertex 15.410264855515782 -12.748479794973795 0
      vertex 15.410264855515782 -12.748479794973795 6
    endloop
  endfacet
  facet normal 0 0 -1
    outer loop
      vertex -1.7253625020384789 -2.2894750013947487 0
      vertex 1.9348874986171722 -0.9906499981880188 0
      vertex 2.2400624975562096 -2.2894750013947487 0
    endloop
  endfacet
  facet normal 0 0 -1
    outer loop
      vertex 2.4348874986171722 -0.4906499981880188 0
      vertex 2.2400624975562096 -2.2894750013947487 0
      vertex 2.0893959924578667 -0.9661782532930374 0
    endloop
  endfacet
  facet normal 0 0 -1
    outer loop
      vertex 2.0893959924578667 -0.9661782532930374 0
      vertex 2.2400624975562096 -2.2894750013947487 0
      vertex 1.9348874986171722 -0.9906499981880188 0
    endloop
  endfacet
  facet normal 0 0 -1
    outer loop
      vertex 2.715590752661228 -2.6349665075540543 0
      vertex 2.2400624975562096 -2.2894750013947487 0
      vertex 2.4348874986171722 -0.4906499981880188 0
    endloop
  endfacet
  facet normal 0 0 -1
    outer loop
      vertex 2.6030709967017174 2.314246743917465 0
      vertex 2.715590752661228 -2.6349665075540543 0
      vertex 2.4348874986171722 -0.4906499981880188 0
    endloop
  endfacet
  facet normal 0 0 -1
    outer loop
      vertex 5.237082757055759 -0.13994349539279938 0
      vertex 2.715590752661228 -2.6349665075540543 0
      vertex 2.6030709967017174 2.314246743917465 0
    endloop
  endfacet
  facet normal 0 0 -1
    outer loop
      vertex 5.237082757055759 -0.13994349539279938 0
      vertex 2.7400624975562096 -2.7894750013947487 0
      vertex 2.715590752661228 -2.6349665075540543 0
    endloop
  endfacet
  facet normal 0 0 -1
    outer loop
      vertex 5.237082757055759 -0.13994349539279938 0
      vertex 2.9354928210377693 -3.2877878919243813 0
      vertex 2.7400624975562096 -2.7894750013947487 0
    endloop
  endfacet
  facet normal 0 0 -1
    outer loop
      vertex 2.7400624975562096 -3.5829000025987625 0
      vertex 2.7400624975562096 -2.7894750013947487 0
      vertex 2.9354928210377693 -3.2877878919243813 0
    endloop
  endfacet
  facet normal 0 0 -1
    outer loop
      vertex 2.7400624975562096 -3.5829000025987625 0
      vertex 2.9354928210377693 -3.2877878919243813 0
      vertex 2.863584242761135 -3.737408496439457 0
    endloop
  endfacet
  facet normal 0 0 -1
    outer loop
      vertex 2.394570991396904 -4.058428257703781 0
      vertex 2.7400624975562096 -3.5829000025987625 0
      vertex 2.863584242761135 -3.737408496439457 0
    endloop
  endfacet
  facet normal 0 0 -1
    outer loop
      vertex 3.3391124978661537 -4.0829000025987625 0
      vertex 2.394570991396904 -4.058428257703781 0
      vertex 2.863584242761135 -3.737408496439457 0
    endloop
  endfacet
  facet normal 0 0 -1
    outer loop
      vertex 2.5066646712860856 -19.842294026289558 0
      vertex 2.2400624975562096 -4.0829000025987625 0
      vertex 2.394570991396904 -4.058428257703781 0
    endloop
  endfacet
  facet normal 0 0 -1
    outer loop
      vertex 2.5066646712860856 -19.842294026289558 0
      vertex 2.394570991396904 -4.058428257703781 0
      vertex 3.3391124978661537 -4.0829000025987625 0
    endloop
  endfacet
  facet normal 0 0 -1
    outer loop
      vertex 3.7476262917144916 -19.645745014573773 0
      vertex 3.3391124978661537 -4.0829000025987625 0
      vertex 4.412212498486042 -4.0829000025987625 0
    endloop
  endfacet
  facet normal 0 0 -1
    outer loop
      vertex 4.973797743297097 -19.37166322257262 0
      vertex 4.412212498486042 -4.0829000025987625 0
      vertex 4.82011952996254 -3.8720571398735046 0
    endloop
  endfacet
  facet normal 0 0 -1
    outer loop
      vertex 10.033442668616772 3.2943578884005547 0
      vertex 9.82269486039877 -3.2909076884388924 0
      vertex 7.5795944556593895 -0.17289793491363525 0
    endloop
  endfacet
  facet normal 0 0 -1
    outer loop
      vertex 10.100840754806995 3.737708494067192 0
      vertex 9.819938242435455 -3.8786864802241325 0
      vertex 9.82269486039877 -3.2909076884388924 0
    endloop
  endfacet
  facet normal 0 0 -1
    outer loop
      vertex 4.973797743297097 -19.37166322257262 0
      vertex 4.82011952996254 -3.8720571398735046 0
      vertex 6.400097019970417 -1.6432208195328712 0
    endloop
  endfacet
  facet normal 0 0 -1
    outer loop
      vertex 6.180339887498948 -19.02113032590307 0
      vertex 6.400097019970417 -1.6432208195328712 0
      vertex 7.931897379457951 -3.8665724769234657 0
    endloop
  endfacet
  facet normal 0 0 -1
    outer loop
      vertex 9.635073482034304 -17.526133600877273 0
      vertex 9.819938242435455 -3.8786864802241325 0
      vertex 10.100840754806995 3.737708494067192 0
    endloop
  endfacet
  facet normal 0 0 -1
    outer loop
      vertex 8.515585831301454 -18.09654104932039 0
      vertex 7.931897379457951 -3.8665724769234657 0
      vertex 8.343637503683567 -4.0829000025987625 0
    endloop
  endfacet
  facet normal 0 0 -1
    outer loop
      vertex 9.635073482034304 -17.526133600877273 0
      vertex 9.416812501847744 -4.0829000025987625 0
      vertex 9.819938242435455 -3.8786864802241325 0
    endloop
  endfacet
  facet normal 0 0 -1
    outer loop
      vertex 8.515585831301454 -18.09654104932039 0
      vertex 8.343637503683567 -4.0829000025987625 0
      vertex 9.416812501847744 -4.0829000025987625 0
    endloop
  endfacet
  facet normal 0.03141075907812769 -0.9995065603657316 0
    outer loop
      vertex 1.2558103905862654 -19.960534568565432 6
      vertex 0 -20 0
      vertex 1.2558103905862654 -19.960534568565432 0
    endloop
  endfacet
  facet normal 0.0941083133185137 -0.9955619646030801 0
    outer loop
      vertex 2.5066646712860856 -19.842294026289558 6
      vertex 1.2558103905862654 -19.960534568565432 0
      vertex 2.5066646712860856 -19.842294026289558 0
    endloop
  endfacet
  facet normal 0.15643446504023253 -0.9876883405951374 0
    outer loop
      vertex 3.7476262917144916 -19.645745014573773 6
      vertex 2.5066646712860856 -19.842294026289558 0
      vertex 3.7476262917144916 -19.645745014573773 0
    endloop
  endfacet
  facet normal 0.21814324139654243 -0.9759167619387474 0
    outer loop
      vertex 4.973797743297097 -19.37166322257262 6
      vertex 3.7476262917144916 -19.645745014573773 0
      vertex 4.973797743297097 -19.37166322257262 0
    endloop
  endfacet
  facet normal 0.2789911060392305 -0.9602936856769426 0
    outer loop
      vertex 6.180339887498948 -19.02113032590307 6
      vertex 4.973797743297097 -19.37166322257262 0
      vertex 6.180339887498948 -19.02113032590307 0
    endloop
  endfacet
  facet normal 0.33873792024528976 -0.940880768954226 0
    outer loop
      vertex 7.3624910536935575 -18.59552971776503 6
      vertex 6.180339887498948 -19.02113032590307 0
      vertex 7.3624910536935575 -18.59552971776503 0
    endloop
  endfacet
  facet normal 0.39714789063478073 -0.917754625683981 0
    outer loop
      vertex 8.515585831301454 -18.09654104932039 6
      vertex 7.3624910536935575 -18.59552971776503 0
      vertex 8.515585831301454 -18.09654104932039 0
    endloop
  endfacet
  facet normal 0.45399049973954625 -0.8910065241883681 0
    outer loop
      vertex 9.635073482034304 -17.526133600877273 6
      vertex 8.515585831301454 -18.09654104932039 0
      vertex 9.635073482034304 -17.526133600877273 0
    endloop
  endfacet
  facet normal 0 0 -1
    outer loop
      vertex -1.2558103905862654 -19.960534568565432 0
      vertex 2.2400624975562096 -4.0829000025987625 0
      vertex 0 -20 0
    endloop
  endfacet
  facet normal 0 0 -1
    outer loop
      vertex 0 -20 0
      vertex 2.2400624975562096 -4.0829000025987625 0
      vertex 1.2558103905862654 -19.960534568565432 0
    endloop
  endfacet
  facet normal 0 0 -1
    outer loop
      vertex 1.2558103905862654 -19.960534568565432 0
      vertex 2.2400624975562096 -4.0829000025987625 0
      vertex 2.5066646712860856 -19.842294026289558 0
    endloop
  endfacet
  facet normal 0 0 -1
    outer loop
      vertex 2.5066646712860856 -19.842294026289558 0
      vertex 3.3391124978661537 -4.0829000025987625 0
      vertex 3.7476262917144916 -19.645745014573773 0
    endloop
  endfacet
  facet normal 0 0 -1
    outer loop
      vertex 3.7476262917144916 -19.645745014573773 0
      vertex 4.412212498486042 -4.0829000025987625 0
      vertex 4.973797743297097 -19.37166322257262 0
    endloop
  endfacet
  facet normal 0 0 -1
    outer loop
      vertex 4.973797743297097 -19.37166322257262 0
      vertex 6.400097019970417 -1.6432208195328712 0
      vertex 6.180339887498948 -19.02113032590307 0
    endloop
  endfacet
  facet normal 0 0 -1
    outer loop
      vertex 6.180339887498948 -19.02113032590307 0
      vertex 7.931897379457951 -3.8665724769234657 0
      vertex 7.3624910536935575 -18.59552971776503 0
    endloop
  endfacet
  facet normal 0 0 -1
    outer loop
      vertex 7.3624910536935575 -18.59552971776503 0
      vertex 7.931897379457951 -3.8665724769234657 0
      vertex 8.515585831301454 -18.09654104932039 0
    endloop
  endfacet
  facet normal 0 0 -1
    outer loop
      vertex 8.515585831301454 -18.09654104932039 0
      vertex 9.416812501847744 -4.0829000025987625 0
      vertex 9.635073482034304 -17.526133600877273 0
    endloop
  endfacet
  facet normal 0.9995065603657315 -0.03141075907812764 0
    outer loop
      vertex 19.960534568565432 -1.2558103905862674 6
      vertex 19.960534568565432 -1.2558103905862674 0
      vertex 20 0 0
    endloop
  endfacet
  facet normal 0.9955619646030801 -0.09410831331851388 0
    outer loop
      vertex 19.842294026289558 -2.506664671286085 6
      vertex 19.842294026289558 -2.506664671286085 0
      vertex 19.960534568565432 -1.2558103905862674 0
    endloop
  endfacet
  facet normal 0.9876883405951374 -0.15643446504023237 0
    outer loop
      vertex 19.645745014573773 -3.7476262917144925 6
      vertex 19.645745014573773 -3.7476262917144925 0
      vertex 19.842294026289558 -2.506664671286085 0
    endloop
  endfacet
  facet normal 0.9759167619387473 -0.2181432413965427 0
    outer loop
      vertex 19.37166322257262 -4.973797743297096 6
      vertex 19.37166322257262 -4.973797743297096 0
      vertex 19.645745014573773 -3.7476262917144925 0
    endloop
  endfacet
  facet normal 0.9408807689542253 -0.3387379202452918 0
    outer loop
      vertex 18.595529717765025 -7.362491053693559 6
      vertex 18.595529717765025 -7.362491053693559 0
      vertex 19.02113032590307 -6.180339887498948 0
    endloop
  endfacet
  facet normal 0.9602936856769428 -0.27899110603923033 0
    outer loop
      vertex 19.02113032590307 -6.180339887498948 6
      vertex 19.02113032590307 -6.180339887498948 0
      vertex 19.37166322257262 -4.973797743297096 0
    endloop
  endfacet
  facet normal 0.9177546256839829 -0.3971478906347765 0
    outer loop
      vertex 18.096541049320393 -8.515585831301454 6
      vertex 18.096541049320393 -8.515585831301454 0
      vertex 18.595529717765025 -7.362491053693559 0
    endloop
  endfacet
  facet normal 0.8910065241883672 -0.4539904997395479 0
    outer loop
      vertex 17.526133600877273 -9.635073482034306 6
      vertex 17.526133600877273 -9.635073482034306 0
      vertex 18.096541049320393 -8.515585831301454 0
    endloop
  endfacet
  facet normal 0 0 -1
    outer loop
      vertex 14.579372548428234 13.69094211857377 0
      vertex 14.579372548428232 -13.690942118573775 0
      vertex 13.690942118573775 -14.579372548428232 0
    endloop
  endfacet
  facet normal 0 0 -1
    outer loop
      vertex 10.716535899579924 16.886558510040306 0
      vertex 10.716535899579933 -16.886558510040302 0
      vertex 9.635073482034304 -17.526133600877273 0
    endloop
  endfacet
  facet normal 0 0 -1
    outer loop
      vertex 11.755705045849464 16.18033988749895 0
      vertex 11.755705045849464 -16.18033988749895 0
      vertex 10.716535899579933 -16.886558510040302 0
    endloop
  endfacet
  facet normal 0 0 -1
    outer loop
      vertex 12.7484797949738 15.41026485551578 0
      vertex 12.748479794973795 -15.410264855515782 0
      vertex 11.755705045849464 -16.18033988749895 0
    endloop
  endfacet
  facet normal 0 0 -1
    outer loop
      vertex 13.69094211857377 14.579372548428234 0
      vertex 13.690942118573775 -14.579372548428232 0
      vertex 12.748479794973795 -15.410264855515782 0
    endloop
  endfacet
  facet normal 0 0 -1
    outer loop
      vertex 15.41026485551578 12.7484797949738 0
      vertex 15.410264855515782 -12.748479794973795 0
      vertex 14.579372548428232 -13.690942118573775 0
    endloop
  endfacet
  facet normal 0 0 -1
    outer loop
      vertex 16.18033988749895 11.755705045849464 0
      vertex 16.18033988749895 -11.755705045849464 0
      vertex 15.410264855515782 -12.748479794973795 0
    endloop
  endfacet
  facet normal 0 0 -1
    outer loop
      vertex 17.52613360087727 9.635073482034308 0
      vertex 17.526133600877273 -9.635073482034306 0
      vertex 16.886558510040302 -10.716535899579933 0
    endloop
  endfacet
  facet normal 0 0 -1
    outer loop
      vertex 16.886558510040306 10.716535899579924 0
      vertex 16.886558510040302 -10.716535899579933 0
      vertex 16.18033988749895 -11.755705045849464 0
    endloop
  endfacet
  facet normal 0 0 -1
    outer loop
      vertex 19.960534568565432 1.2558103905862752 0
      vertex 19.960534568565432 -1.2558103905862674 0
      vertex 19.842294026289558 -2.506664671286085 0
    endloop
  endfacet
  facet normal 0 0 -1
    outer loop
      vertex 19.842294026289558 2.506664671286081 0
      vertex 19.842294026289558 -2.506664671286085 0
      vertex 19.645745014573773 -3.7476262917144925 0
    endloop
  endfacet
  facet normal 0 0 -1
    outer loop
      vertex 19.02113032590307 6.180339887498948 0
      vertex 19.02113032590307 -6.180339887498948 0
      vertex 18.595529717765025 -7.362491053693559 0
    endloop
  endfacet
  facet normal 0 0 -1
    outer loop
      vertex 19.371663222572625 4.973797743297089 0
      vertex 19.37166322257262 -4.973797743297096 0
      vertex 19.02113032590307 -6.180339887498948 0
    endloop
  endfacet
  facet normal 0 0 -1
    outer loop
      vertex 19.645745014573773 3.7476262917144965 0
      vertex 19.645745014573773 -3.7476262917144925 0
      vertex 19.37166322257262 -4.973797743297096 0
    endloop
  endfacet
  facet normal 0 0 -1
    outer loop
      vertex 18.096541049320393 8.515585831301449 0
      vertex 18.096541049320393 -8.515585831301454 0
      vertex 17.526133600877273 -9.635073482034306 0
    endloop
  endfacet
  facet normal 0 0 -1
    outer loop
      vertex 18.595529717765025 7.362491053693567 0
      vertex 18.595529717765025 -7.362491053693559 0
      vertex 18.096541049320393 -8.515585831301454 0
    endloop
  endfacet
  facet normal 0.66131186532365 -0.7501110696304611 0
    outer loop
      vertex 13.690942118573775 -14.579372548428232 6
      vertex 12.748479794973795 -15.410264855515782 0
      vertex 13.690942118573775 -14.579372548428232 0
    endloop
  endfacet
  facet normal 0.7501110696304611 -0.66131186532365 0
    outer loop
      vertex 14.579372548428232 -13.690942118573775 6
      vertex 14.579372548428232 -13.690942118573775 0
      vertex 15.410264855515782 -12.748479794973795 0
    endloop
  endfacet
  facet normal 0.7071067811865475 -0.7071067811865475 0
    outer loop
      vertex 13.690942118573775 -14.579372548428232 6
      vertex 13.690942118573775 -14.579372548428232 0
      vertex 14.579372548428232 -13.690942118573775 0
    endloop
  endfacet
  facet normal 0.509041415750371 -0.8607420270039439 0
    outer loop
      vertex 10.716535899579933 -16.886558510040302 6
      vertex 9.635073482034304 -17.526133600877273 0
      vertex 10.716535899579933 -16.886558510040302 0
    endloop
  endfacet
  facet normal 0.612907053652978 -0.7901550123756892 0
    outer loop
      vertex 12.748479794973795 -15.410264855515782 6
      vertex 11.755705045849464 -16.18033988749895 0
      vertex 12.748479794973795 -15.410264855515782 0
    endloop
  endfacet
  facet normal 0.5620833778521305 -0.8270805742745618 0
    outer loop
      vertex 11.755705045849464 -16.18033988749895 6
      vertex 10.716535899579933 -16.886558510040302 0
      vertex 11.755705045849464 -16.18033988749895 0
    endloop
  endfacet
  facet normal 0.7901550123756892 -0.612907053652978 0
    outer loop
      vertex 15.410264855515782 -12.748479794973795 6
      vertex 15.410264855515782 -12.748479794973795 0
      vertex 16.18033988749895 -11.755705045849464 0
    endloop
  endfacet
  facet normal 0.8607420270039434 -0.5090414157503717 0
    outer loop
      vertex 16.886558510040302 -10.716535899579933 6
      vertex 16.886558510040302 -10.716535899579933 0
      vertex 17.526133600877273 -9.635073482034306 0
    endloop
  endfacet
  facet normal 0.8270805742745618 -0.5620833778521305 0
    outer loop
      vertex 16.18033988749895 -11.755705045849464 6
      vertex 16.18033988749895 -11.755705045849464 0
      vertex 16.886558510040302 -10.716535899579933 0
    endloop
  endfacet
  facet normal 0.8270805742745627 -0.5620833778521291 0
    outer loop
      vertex -5.087075751149641 3.228356439748455 3.3000000000000003
      vertex -4.874327391109059 3.541406145062151 6
      vertex -5.087075751149641 3.228356439748455 6
    endloop
  endfacet
  facet normal 0.8910065241883675 -0.45399049973954775 0
    outer loop
      vertex -5.4515829911077684 2.5653202316795616 3.3000000000000003
      vertex -5.2797477472642775 2.902565886462835 6
      vertex -5.4515829911077684 2.5653202316795616 6
    endloop
  endfacet
  facet normal 0.8607420270039441 -0.5090414157503705 0
    outer loop
      vertex -5.2797477472642775 2.902565886462835 3.3000000000000003
      vertex -5.087075751149641 3.228356439748455 6
      vertex -5.2797477472642775 2.902565886462835 6
    endloop
  endfacet
  facet normal 0.9408807689542258 -0.3387379202452902 0
    outer loop
      vertex -5.7301155106783 1.8618273911090581 3.3000000000000003
      vertex -5.601903327476715 2.2179504299251844 6
      vertex -5.7301155106783 1.8618273911090581 6
    endloop
  endfacet
  facet normal 0.9602936856769427 -0.2789911060392304 0
    outer loop
      vertex -5.835713545800003 1.4983565701682506 3.3000000000000003
      vertex -5.7301155106783 1.8618273911090581 6
      vertex -5.835713545800003 1.4983565701682506 6
    endloop
  endfacet
  facet normal 0.9759167619387474 -0.2181432413965421 0
    outer loop
      vertex -5.918280685640349 1.1289724203789921 3.3000000000000003
      vertex -5.835713545800003 1.4983565701682506 6
      vertex -5.918280685640349 1.1289724203789921 6
    endloop
  endfacet
  facet normal 0.9177546256839811 -0.3971478906347807 0
    outer loop
      vertex -5.601903327476715 2.2179504299251844 3.3000000000000003
      vertex -5.4515829911077684 2.5653202316795616 6
      vertex -5.601903327476715 2.2179504299251844 6
    endloop
  endfacet
  facet normal 0.9876883405951374 -0.15643446504023223 0
    outer loop
      vertex -5.97749107541973 0.755132732224932 3.3000000000000003
      vertex -5.918280685640349 1.1289724203789921 6
      vertex -5.97749107541973 0.755132732224932 6
    endloop
  endfacet
  facet normal 0.99556196460308 -0.09410831331851358 0
    outer loop
      vertex -6.013111038780337 0.3783128801641125 3.3000000000000003
      vertex -5.97749107541973 0.755132732224932 6
      vertex -6.013111038780337 0.3783128801641125 6
    endloop
  endfacet
  facet normal 0.9995065603657315 -0.031410759078128146 0
    outer loop
      vertex -6.025 0 3.3000000000000003
      vertex -6.013111038780337 0.3783128801641125 6
      vertex -6.025 0 6
    endloop
  endfacet
  facet normal 0.5090414157503705 -0.8607420270039441 0
    outer loop
      vertex -3.228356439748455 5.087075751149641 3.3000000000000003
      vertex -2.902565886462835 5.2797477472642775 6
      vertex -3.228356439748455 5.087075751149641 6
    endloop
  endfacet
  facet normal 0.45399049973954775 -0.8910065241883675 0
    outer loop
      vertex -2.902565886462835 5.2797477472642775 3.3000000000000003
      vertex -2.5653202316795616 5.4515829911077684 6
      vertex -2.902565886462835 5.2797477472642775 6
    endloop
  endfacet
  facet normal 0.3387379202452902 -0.9408807689542258 0
    outer loop
      vertex -2.2179504299251844 5.601903327476715 3.3000000000000003
      vertex -1.8618273911090581 5.7301155106783 6
      vertex -2.2179504299251844 5.601903327476715 6
    endloop
  endfacet
  facet normal 0.3971478906347807 -0.9177546256839811 0
    outer loop
      vertex -2.5653202316795616 5.4515829911077684 3.3000000000000003
      vertex -2.2179504299251844 5.601903327476715 6
      vertex -2.5653202316795616 5.4515829911077684 6
    endloop
  endfacet
  facet normal 0.2789911060392304 -0.9602936856769427 0
    outer loop
      vertex -1.8618273911090581 5.7301155106783 3.3000000000000003
      vertex -1.4983565701682506 5.835713545800003 6
      vertex -1.8618273911090581 5.7301155106783 6
    endloop
  endfacet
  facet normal 0.2181432413965421 -0.9759167619387474 0
    outer loop
      vertex -1.4983565701682506 5.835713545800003 3.3000000000000003
      vertex -1.1289724203789921 5.918280685640349 6
      vertex -1.4983565701682506 5.835713545800003 6
    endloop
  endfacet
  facet normal 0.15643446504023223 -0.9876883405951374 0
    outer loop
      vertex -1.1289724203789921 5.918280685640349 3.3000000000000003
      vertex -0.755132732224932 5.97749107541973 6
      vertex -1.1289724203789921 5.918280685640349 6
    endloop
  endfacet
  facet normal 0.09410831331851434 -0.9955619646030802 0
    outer loop
      vertex -0.755132732224932 5.97749107541973 3.3000000000000003
      vertex -0.37831288016411546 6.013111038780337 6
      vertex -0.755132732224932 5.97749107541973 6
    endloop
  endfacet
  facet normal 0.0314107590781279 -0.9995065603657317 0
    outer loop
      vertex -0.37831288016411546 6.013111038780337 3.3000000000000003
      vertex 0 6.025 6
      vertex -0.37831288016411546 6.013111038780337 6
    endloop
  endfacet
  facet normal 0.7501110696304596 -0.6613118653236518 0
    outer loop
      vertex -4.642342287724131 3.840479538235855 3.3000000000000003
      vertex -4.392035980214006 4.124396313220348 6
      vertex -4.642342287724131 3.840479538235855 6
    endloop
  endfacet
  facet normal 0.6613118653236518 -0.7501110696304596 0
    outer loop
      vertex -4.124396313220348 4.392035980214006 3.3000000000000003
      vertex -3.840479538235855 4.642342287724131 6
      vertex -4.124396313220348 4.392035980214006 6
    endloop
  endfacet
  facet normal 0.7071067811865475 -0.7071067811865475 0
    outer loop
      vertex -4.392035980214006 4.124396313220348 3.3000000000000003
      vertex -4.124396313220348 4.392035980214006 6
      vertex -4.392035980214006 4.124396313220348 6
    endloop
  endfacet
  facet normal 0.7901550123756897 -0.6129070536529774 0
    outer loop
      vertex -4.874327391109059 3.541406145062151 3.3000000000000003
      vertex -4.642342287724131 3.840479538235855 6
      vertex -4.874327391109059 3.541406145062151 6
    endloop
  endfacet
  facet normal 0.6129070536529774 -0.7901550123756897 0
    outer loop
      vertex -3.840479538235855 4.642342287724131 3.3000000000000003
      vertex -3.541406145062151 4.874327391109059 6
      vertex -3.840479538235855 4.642342287724131 6
    endloop
  endfacet
  facet normal 0.5620833778521291 -0.8270805742745627 0
    outer loop
      vertex -3.541406145062151 4.874327391109059 3.3000000000000003
      vertex -3.228356439748455 5.087075751149641 6
      vertex -3.541406145062151 4.874327391109059 6
    endloop
  endfacet
  facet normal 0.8910065241883675 -0.45399049973954775 0
    outer loop
      vertex -5.2797477472642775 2.902565886462835 3.3000000000000003
      vertex -5.2797477472642775 2.902565886462835 6
      vertex -5.4515829911077684 2.5653202316795616 3.3000000000000003
    endloop
  endfacet
  facet normal 0.8607420270039441 -0.5090414157503705 0
    outer loop
      vertex -5.087075751149641 3.228356439748455 3.3000000000000003
      vertex -5.087075751149641 3.228356439748455 6
      vertex -5.2797477472642775 2.902565886462835 3.3000000000000003
    endloop
  endfacet
  facet normal 0.9408807689542258 -0.3387379202452902 0
    outer loop
      vertex -5.601903327476715 2.2179504299251844 3.3000000000000003
      vertex -5.601903327476715 2.2179504299251844 6
      vertex -5.7301155106783 1.8618273911090581 3.3000000000000003
    endloop
  endfacet
  facet normal 0.9602936856769427 -0.2789911060392304 0
    outer loop
      vertex -5.7301155106783 1.8618273911090581 3.3000000000000003
      vertex -5.7301155106783 1.8618273911090581 6
      vertex -5.835713545800003 1.4983565701682506 3.3000000000000003
    endloop
  endfacet
  facet normal 0.9759167619387474 -0.2181432413965421 0
    outer loop
      vertex -5.835713545800003 1.4983565701682506 3.3000000000000003
      vertex -5.835713545800003 1.4983565701682506 6
      vertex -5.918280685640349 1.1289724203789921 3.3000000000000003
    endloop
  endfacet
  facet normal 0.9177546256839811 -0.3971478906347807 0
    outer loop
      vertex -5.4515829911077684 2.5653202316795616 3.3000000000000003
      vertex -5.4515829911077684 2.5653202316795616 6
      vertex -5.601903327476715 2.2179504299251844 3.3000000000000003
    endloop
  endfacet
  facet normal 0.9876883405951374 -0.15643446504023223 0
    outer loop
      vertex -5.918280685640349 1.1289724203789921 3.3000000000000003
      vertex -5.918280685640349 1.1289724203789921 6
      vertex -5.97749107541973 0.755132732224932 3.3000000000000003
    endloop
  endfacet
  facet normal 0.99556196460308 -0.09410831331851358 0
    outer loop
      vertex -5.97749107541973 0.755132732224932 3.3000000000000003
      vertex -5.97749107541973 0.755132732224932 6
      vertex -6.013111038780337 0.3783128801641125 3.3000000000000003
    endloop
  endfacet
  facet normal 0.9995065603657315 -0.031410759078128146 0
    outer loop
      vertex -6.013111038780337 0.3783128801641125 3.3000000000000003
      vertex -6.013111038780337 0.3783128801641125 6
      vertex -6.025 0 3.3000000000000003
    endloop
  endfacet
  facet normal 0 0 1
    outer loop
      vertex -5.601903327476715 2.2179504299251844 3.3000000000000003
      vertex -5.7301155106783 1.8618273911090581 3.3000000000000003
      vertex -5.7301155106783 -1.8618273911090581 3.3000000000000003
    endloop
  endfacet
  facet normal 0 0 1
    outer loop
      vertex -5.918280685640349 1.1289724203789921 3.3000000000000003
      vertex -5.97749107541973 0.755132732224932 3.3000000000000003
      vertex -5.97749107541973 -0.755132732224932 3.3000000000000003
    endloop
  endfacet
  facet normal 0 0 1
    outer loop
      vertex -5.97749107541973 0.755132732224932 3.3000000000000003
      vertex -6.013111038780337 0.3783128801641125 3.3000000000000003
      vertex -6.013111038780337 -0.3783128801641125 3.3000000000000003
    endloop
  endfacet
  facet normal 0 0 1
    outer loop
      vertex -5.835713545800003 1.4983565701682506 3.3000000000000003
      vertex -5.918280685640349 1.1289724203789921 3.3000000000000003
      vertex -5.918280685640349 -1.1289724203789921 3.3000000000000003
    endloop
  endfacet
  facet normal 0 0 1
    outer loop
      vertex -5.7301155106783 1.8618273911090581 3.3000000000000003
      vertex -5.835713545800003 1.4983565701682506 3.3000000000000003
      vertex -5.835713545800003 -1.4983565701682506 3.3000000000000003
    endloop
  endfacet
  facet normal 0 0 1
    outer loop
      vertex -5.2797477472642775 2.902565886462835 3.3000000000000003
      vertex -5.4515829911077684 2.5653202316795616 3.3000000000000003
      vertex -5.4515829911077684 -2.5653202316795616 3.3000000000000003
    endloop
  endfacet
  facet normal 0 0 1
    outer loop
      vertex -5.4515829911077684 2.5653202316795616 3.3000000000000003
      vertex -5.601903327476715 2.2179504299251844 3.3000000000000003
      vertex -5.601903327476715 -2.2179504299251844 3.3000000000000003
    endloop
  endfacet
  facet normal 0 0 1
    outer loop
      vertex -5.087075751149641 3.228356439748455 3.3000000000000003
      vertex -5.2797477472642775 2.902565886462835 3.3000000000000003
      vertex -5.2797477472642775 -2.902565886462835 3.3000000000000003
    endloop
  endfacet
  facet normal 0 0 1
    outer loop
      vertex -4.874327391109059 3.541406145062151 3.3000000000000003
      vertex -5.087075751149641 3.228356439748455 3.3000000000000003
      vertex -5.087075751149641 -3.228356439748455 3.3000000000000003
    endloop
  endfacet
  facet normal 0.5620833778521291 -0.8270805742745627 4.443638234287009e-18
    outer loop
      vertex -3.541406145062151 4.874327391109059 3.3000000000000003
      vertex -3.228356439748455 5.087075751149641 3.3000000000000003
      vertex -3.228356439748455 5.087075751149641 6
    endloop
  endfacet
  facet normal 0.5090414157503705 -0.8607420270039441 0
    outer loop
      vertex -2.902565886462835 5.2797477472642775 3.3000000000000003
      vertex -2.902565886462835 5.2797477472642775 6
      vertex -3.228356439748455 5.087075751149641 3.3000000000000003
    endloop
  endfacet
  facet normal 0.45399049973954775 -0.8910065241883675 3.3735707774472665e-18
    outer loop
      vertex -2.902565886462835 5.2797477472642775 3.3000000000000003
      vertex -2.5653202316795616 5.4515829911077684 3.3000000000000003
      vertex -2.5653202316795616 5.4515829911077684 6
    endloop
  endfacet
  facet normal 0.3387379202452902 -0.9408807689542258 -1.6485230192312882e-18
    outer loop
      vertex -2.2179504299251844 5.601903327476715 3.3000000000000003
      vertex -1.8618273911090581 5.7301155106783 3.3000000000000003
      vertex -1.8618273911090581 5.7301155106783 6
    endloop
  endfacet
  facet normal 0.3971478906347807 -0.9177546256839811 -2.626426864646895e-18
    outer loop
      vertex -2.5653202316795616 5.4515829911077684 3.3000000000000003
      vertex -2.2179504299251844 5.601903327476715 3.3000000000000003
      vertex -2.2179504299251844 5.601903327476715 6
    endloop
  endfacet
  facet normal 0.2789911060392304 -0.9602936856769427 -1.8302694889027763e-18
    outer loop
      vertex -1.8618273911090581 5.7301155106783 3.3000000000000003
      vertex -1.4983565701682506 5.835713545800003 3.3000000000000003
      vertex -1.4983565701682506 5.835713545800003 6
    endloop
  endfacet
  facet normal 0.2181432413965421 -0.9759167619387474 7.878413383611127e-19
    outer loop
      vertex -1.4983565701682506 5.835713545800003 3.3000000000000003
      vertex -1.1289724203789921 5.918280685640349 3.3000000000000003
      vertex -1.1289724203789921 5.918280685640349 6
    endloop
  endfacet
  facet normal 0.15643446504023223 -0.9876883405951374 -9.402394857256291e-19
    outer loop
      vertex -1.1289724203789921 5.918280685640349 3.3000000000000003
      vertex -0.755132732224932 5.97749107541973 3.3000000000000003
      vertex -0.755132732224932 5.97749107541973 6
    endloop
  endfacet
  facet normal 0.09410831331851434 -0.9955619646030802 6.826943618352944e-19
    outer loop
      vertex -0.755132732224932 5.97749107541973 3.3000000000000003
      vertex -0.37831288016411546 6.013111038780337 3.3000000000000003
      vertex -0.37831288016411546 6.013111038780337 6
    endloop
  endfacet
  facet normal 0.0314107590781279 -0.9995065603657317 -4.0422463340720527e-19
    outer loop
      vertex -0.37831288016411546 6.013111038780337 3.3000000000000003
      vertex 0 6.025 3.3000000000000003
      vertex 0 6.025 6
    endloop
  endfacet
  facet normal 0.7501110696304596 -0.6613118653236518 1.375976350695706e-18
    outer loop
      vertex -4.642342287724131 3.840479538235855 3.3000000000000003
      vertex -4.392035980214006 4.124396313220348 3.3000000000000003
      vertex -4.392035980214006 4.124396313220348 6
    endloop
  endfacet
  facet normal 0.6613118653236518 -0.7501110696304596 0
    outer loop
      vertex -3.840479538235855 4.642342287724131 3.3000000000000003
      vertex -3.840479538235855 4.642342287724131 6
      vertex -4.124396313220348 4.392035980214006 3.3000000000000003
    endloop
  endfacet
  facet normal 0.7071067811865475 -0.7071067811865475 0
    outer loop
      vertex -4.124396313220348 4.392035980214006 3.3000000000000003
      vertex -4.124396313220348 4.392035980214006 6
      vertex -4.392035980214006 4.124396313220348 3.3000000000000003
    endloop
  endfacet
  facet normal 0.7901550123756897 -0.6129070536529774 0
    outer loop
      vertex -4.642342287724131 3.840479538235855 3.3000000000000003
      vertex -4.642342287724131 3.840479538235855 6
      vertex -4.874327391109059 3.541406145062151 3.3000000000000003
    endloop
  endfacet
  facet normal 0.8270805742745627 -0.5620833778521291 0
    outer loop
      vertex -4.874327391109059 3.541406145062151 3.3000000000000003
      vertex -4.874327391109059 3.541406145062151 6
      vertex -5.087075751149641 3.228356439748455 3.3000000000000003
    endloop
  endfacet
  facet normal 0.6129070536529774 -0.7901550123756897 -4.611121809997031e-18
    outer loop
      vertex -3.840479538235855 4.642342287724131 3.3000000000000003
      vertex -3.541406145062151 4.874327391109059 3.3000000000000003
      vertex -3.541406145062151 4.874327391109059 6
    endloop
  endfacet
  facet normal 0 0 1
    outer loop
      vertex -4.642342287724131 3.840479538235855 3.3000000000000003
      vertex -4.874327391109059 3.541406145062151 3.3000000000000003
      vertex -4.874327391109059 -3.541406145062151 3.3000000000000003
    endloop
  endfacet
  facet normal 0 0 1
    outer loop
      vertex -4.642342287724131 3.840479538235855 3.3000000000000003
      vertex -4.642342287724131 -3.840479538235855 3.3000000000000003
      vertex -4.392035980214006 4.124396313220348 3.3000000000000003
    endloop
  endfacet
  facet normal 0 0 1
    outer loop
      vertex -4.124396313220348 4.392035980214006 3.3000000000000003
      vertex -4.392035980214006 4.124396313220348 3.3000000000000003
      vertex -4.392035980214006 -4.124396313220348 3.3000000000000003
    endloop
  endfacet
  facet normal 0 0 1
    outer loop
      vertex -3.840479538235855 4.642342287724131 3.3000000000000003
      vertex -4.124396313220348 4.392035980214006 3.3000000000000003
      vertex -4.124396313220348 -4.392035980214006 3.3000000000000003
    endloop
  endfacet
  facet normal 0 0 1
    outer loop
      vertex -3.840479538235855 4.642342287724131 3.3000000000000003
      vertex -3.840479538235855 -4.642342287724131 3.3000000000000003
      vertex -3.541406145062151 4.874327391109059 3.3000000000000003
    endloop
  endfacet
  facet normal 0 0 1
    outer loop
      vertex -3.541406145062151 4.874327391109059 3.3000000000000003
      vertex -3.541406145062151 -4.874327391109059 3.3000000000000003
      vertex -3.228356439748455 5.087075751149641 3.3000000000000003
    endloop
  endfacet
  facet normal 0 0 1
    outer loop
      vertex -2.902565886462835 5.2797477472642775 3.3000000000000003
      vertex -3.228356439748455 5.087075751149641 3.3000000000000003
      vertex -3.228356439748455 -5.087075751149641 3.3000000000000003
    endloop
  endfacet
  facet normal 0 0 1
    outer loop
      vertex -2.902565886462835 5.2797477472642775 3.3000000000000003
      vertex -2.9025658864628343 -5.279747747264278 3.3000000000000003
      vertex -2.5653202316795616 5.4515829911077684 3.3000000000000003
    endloop
  endfacet
  facet normal 0 0 1
    outer loop
      vertex -2.2179504299251844 5.601903327476715 3.3000000000000003
      vertex -2.2179504299251844 -5.601903327476715 3.3000000000000003
      vertex -1.8618273911090581 5.7301155106783 3.3000000000000003
    endloop
  endfacet
  facet normal 0 0 1
    outer loop
      vertex -2.5653202316795616 5.4515829911077684 3.3000000000000003
      vertex -2.5653202316795634 -5.451582991107768 3.3000000000000003
      vertex -2.2179504299251844 5.601903327476715 3.3000000000000003
    endloop
  endfacet
  facet normal 0 0 1
    outer loop
      vertex -1.8618273911090581 5.7301155106783 3.3000000000000003
      vertex -1.8618273911090581 -5.7301155106783 3.3000000000000003
      vertex -1.4983565701682506 5.835713545800003 3.3000000000000003
    endloop
  endfacet
  facet normal 0 0 1
    outer loop
      vertex -1.4983565701682506 5.835713545800003 3.3000000000000003
      vertex -1.4983565701682506 -5.835713545800003 3.3000000000000003
      vertex -1.1289724203789921 5.918280685640349 3.3000000000000003
    endloop
  endfacet
  facet normal 0 0 1
    outer loop
      vertex -1.1289724203789921 5.918280685640349 3.3000000000000003
      vertex -1.1289724203789906 -5.91828068564035 3.3000000000000003
      vertex -0.755132732224932 5.97749107541973 3.3000000000000003
    endloop
  endfacet
  facet normal 0 0 1
    outer loop
      vertex -0.755132732224932 5.97749107541973 3.3000000000000003
      vertex -0.7551327322249334 -5.97749107541973 3.3000000000000003
      vertex -0.37831288016411546 6.013111038780337 3.3000000000000003
    endloop
  endfacet
  facet normal 0 0 1
    outer loop
      vertex -0.37831288016411546 6.013111038780337 3.3000000000000003
      vertex -0.3783128801641125 -6.013111038780337 3.3000000000000003
      vertex 0 6.025 3.3000000000000003
    endloop
  endfacet
  facet normal 0.9995065603657315 0.031410759078128146 0
    outer loop
      vertex -6.013111038780337 -0.3783128801641125 3.3000000000000003
      vertex -6.025 0 6
      vertex -6.013111038780337 -0.3783128801641125 6
    endloop
  endfacet
  facet normal 0.99556196460308 0.09410831331851358 0
    outer loop
      vertex -5.97749107541973 -0.755132732224932 3.3000000000000003
      vertex -6.013111038780337 -0.3783128801641125 6
      vertex -5.97749107541973 -0.755132732224932 6
    endloop
  endfacet
  facet normal 0.9876883405951374 0.15643446504023223 0
    outer loop
      vertex -5.918280685640349 -1.1289724203789921 3.3000000000000003
      vertex -5.97749107541973 -0.755132732224932 6
      vertex -5.918280685640349 -1.1289724203789921 6
    endloop
  endfacet
  facet normal 0.9759167619387474 0.2181432413965421 0
    outer loop
      vertex -5.835713545800003 -1.4983565701682506 3.3000000000000003
      vertex -5.918280685640349 -1.1289724203789921 6
      vertex -5.835713545800003 -1.4983565701682506 6
    endloop
  endfacet
  facet normal 0.9602936856769427 0.2789911060392304 0
    outer loop
      vertex -5.7301155106783 -1.8618273911090581 3.3000000000000003
      vertex -5.835713545800003 -1.4983565701682506 6
      vertex -5.7301155106783 -1.8618273911090581 6
    endloop
  endfacet
  facet normal 0.9408807689542258 0.3387379202452902 0
    outer loop
      vertex -5.601903327476715 -2.2179504299251844 3.3000000000000003
      vertex -5.7301155106783 -1.8618273911090581 6
      vertex -5.601903327476715 -2.2179504299251844 6
    endloop
  endfacet
  facet normal 0.9177546256839811 0.3971478906347807 0
    outer loop
      vertex -5.4515829911077684 -2.5653202316795616 3.3000000000000003
      vertex -5.601903327476715 -2.2179504299251844 6
      vertex -5.4515829911077684 -2.5653202316795616 6
    endloop
  endfacet
  facet normal 0.8910065241883675 0.45399049973954775 0
    outer loop
      vertex -5.2797477472642775 -2.902565886462835 3.3000000000000003
      vertex -5.4515829911077684 -2.5653202316795616 6
      vertex -5.2797477472642775 -2.902565886462835 6
    endloop
  endfacet
  facet normal 0.8607420270039441 0.5090414157503705 0
    outer loop
      vertex -5.087075751149641 -3.228356439748455 3.3000000000000003
      vertex -5.2797477472642775 -2.902565886462835 6
      vertex -5.087075751149641 -3.228356439748455 6
    endloop
  endfacet
  facet normal 0.8270805742745627 0.5620833778521291 0
    outer loop
      vertex -4.874327391109059 -3.541406145062151 3.3000000000000003
      vertex -5.087075751149641 -3.228356439748455 6
      vertex -4.874327391109059 -3.541406145062151 6
    endloop
  endfacet
  facet normal 0.7901550123756897 0.6129070536529774 0
    outer loop
      vertex -4.642342287724131 -3.840479538235855 3.3000000000000003
      vertex -4.874327391109059 -3.541406145062151 6
      vertex -4.642342287724131 -3.840479538235855 6
    endloop
  endfacet
  facet normal 0.7501110696304596 0.6613118653236518 0
    outer loop
      vertex -4.392035980214006 -4.124396313220348 3.3000000000000003
      vertex -4.642342287724131 -3.840479538235855 6
      vertex -4.392035980214006 -4.124396313220348 6
    endloop
  endfacet
  facet normal 0.7071067811865475 0.7071067811865475 0
    outer loop
      vertex -4.124396313220348 -4.392035980214006 3.3000000000000003
      vertex -4.392035980214006 -4.124396313220348 6
      vertex -4.124396313220348 -4.392035980214006 6
    endloop
  endfacet
  facet normal 0.6613118653236518 0.7501110696304596 0
    outer loop
      vertex -3.840479538235855 -4.642342287724131 3.3000000000000003
      vertex -4.124396313220348 -4.392035980214006 6
      vertex -3.840479538235855 -4.642342287724131 6
    endloop
  endfacet
  facet normal 0.6129070536529774 0.7901550123756897 0
    outer loop
      vertex -3.541406145062151 -4.874327391109059 3.3000000000000003
      vertex -3.840479538235855 -4.642342287724131 6
      vertex -3.541406145062151 -4.874327391109059 6
    endloop
  endfacet
  facet normal 0.5620833778521291 0.8270805742745627 0
    outer loop
      vertex -3.228356439748455 -5.087075751149641 3.3000000000000003
      vertex -3.541406145062151 -4.874327391109059 6
      vertex -3.228356439748455 -5.087075751149641 6
    endloop
  endfacet
  facet normal 0.5090414157503712 0.8607420270039438 0
    outer loop
      vertex -2.9025658864628343 -5.279747747264278 3.3000000000000003
      vertex -3.228356439748455 -5.087075751149641 6
      vertex -2.9025658864628343 -5.279747747264278 6
    endloop
  endfacet
  facet normal 0.4539904997395469 0.8910065241883679 0
    outer loop
      vertex -2.5653202316795634 -5.451582991107768 3.3000000000000003
      vertex -2.9025658864628343 -5.279747747264278 6
      vertex -2.5653202316795634 -5.451582991107768 6
    endloop
  endfacet
  facet normal 0.39714789063478095 0.917754625683981 0
    outer loop
      vertex -2.2179504299251844 -5.601903327476715 3.3000000000000003
      vertex -2.5653202316795634 -5.451582991107768 6
      vertex -2.2179504299251844 -5.601903327476715 6
    endloop
  endfacet
  facet normal 0.3387379202452902 0.9408807689542258 0
    outer loop
      vertex -1.8618273911090581 -5.7301155106783 3.3000000000000003
      vertex -2.2179504299251844 -5.601903327476715 6
      vertex -1.8618273911090581 -5.7301155106783 6
    endloop
  endfacet
  facet normal 0.2789911060392304 0.9602936856769427 0
    outer loop
      vertex -1.4983565701682506 -5.835713545800003 3.3000000000000003
      vertex -1.8618273911090581 -5.7301155106783 6
      vertex -1.4983565701682506 -5.835713545800003 6
    endloop
  endfacet
  facet normal 0.21814324139654345 0.9759167619387471 0
    outer loop
      vertex -1.1289724203789906 -5.91828068564035 3.3000000000000003
      vertex -1.4983565701682506 -5.835713545800003 6
      vertex -1.1289724203789906 -5.91828068564035 6
    endloop
  endfacet
  facet normal 0.15643446504023117 0.9876883405951378 0
    outer loop
      vertex -0.7551327322249334 -5.97749107541973 3.3000000000000003
      vertex -1.1289724203789906 -5.91828068564035 6
      vertex -0.7551327322249334 -5.97749107541973 6
    endloop
  endfacet
  facet normal 0.09410831331851327 0.9955619646030802 0
    outer loop
      vertex -0.3783128801641125 -6.013111038780337 3.3000000000000003
      vertex -0.7551327322249334 -5.97749107541973 6
      vertex -0.3783128801641125 -6.013111038780337 6
    endloop
  endfacet
  facet normal 0.031410759078128146 0.9995065603657315 0
    outer loop
      vertex 0 -6.025 3.3000000000000003
      vertex -0.3783128801641125 -6.013111038780337 6
      vertex 0 -6.025 6
    endloop
  endfacet
  facet normal 0.9995065603657315 0.031410759078128146 0
    outer loop
      vertex -6.025 0 3.3000000000000003
      vertex -6.025 0 6
      vertex -6.013111038780337 -0.3783128801641125 3.3000000000000003
    endloop
  endfacet
  facet normal 0.99556196460308 0.09410831331851358 0
    outer loop
      vertex -6.013111038780337 -0.3783128801641125 3.3000000000000003
      vertex -6.013111038780337 -0.3783128801641125 6
      vertex -5.97749107541973 -0.755132732224932 3.3000000000000003
    endloop
  endfacet
  facet normal 0.9876883405951374 0.15643446504023223 0
    outer loop
      vertex -5.97749107541973 -0.755132732224932 3.3000000000000003
      vertex -5.97749107541973 -0.755132732224932 6
      vertex -5.918280685640349 -1.1289724203789921 3.3000000000000003
    endloop
  endfacet
  facet normal 0.9759167619387474 0.2181432413965421 0
    outer loop
      vertex -5.918280685640349 -1.1289724203789921 3.3000000000000003
      vertex -5.918280685640349 -1.1289724203789921 6
      vertex -5.835713545800003 -1.4983565701682506 3.3000000000000003
    endloop
  endfacet
  facet normal 0.9602936856769427 0.2789911060392304 0
    outer loop
      vertex -5.835713545800003 -1.4983565701682506 3.3000000000000003
      vertex -5.835713545800003 -1.4983565701682506 6
      vertex -5.7301155106783 -1.8618273911090581 3.3000000000000003
    endloop
  endfacet
  facet normal 0.9408807689542258 0.3387379202452902 0
    outer loop
      vertex -5.7301155106783 -1.8618273911090581 3.3000000000000003
      vertex -5.7301155106783 -1.8618273911090581 6
      vertex -5.601903327476715 -2.2179504299251844 3.3000000000000003
    endloop
  endfacet
  facet normal 0.9177546256839811 0.3971478906347807 0
    outer loop
      vertex -5.601903327476715 -2.2179504299251844 3.3000000000000003
      vertex -5.601903327476715 -2.2179504299251844 6
      vertex -5.4515829911077684 -2.5653202316795616 3.3000000000000003
    endloop
  endfacet
  facet normal 0.8910065241883675 0.45399049973954775 0
    outer loop
      vertex -5.4515829911077684 -2.5653202316795616 3.3000000000000003
      vertex -5.4515829911077684 -2.5653202316795616 6
      vertex -5.2797477472642775 -2.902565886462835 3.3000000000000003
    endloop
  endfacet
  facet normal 0.8607420270039441 0.5090414157503705 0
    outer loop
      vertex -5.2797477472642775 -2.902565886462835 3.3000000000000003
      vertex -5.2797477472642775 -2.902565886462835 6
      vertex -5.087075751149641 -3.228356439748455 3.3000000000000003
    endloop
  endfacet
  facet normal 0.8270805742745627 0.5620833778521291 0
    outer loop
      vertex -5.087075751149641 -3.228356439748455 3.3000000000000003
      vertex -5.087075751149641 -3.228356439748455 6
      vertex -4.874327391109059 -3.541406145062151 3.3000000000000003
    endloop
  endfacet
  facet normal 0 0 1
    outer loop
      vertex -6.013111038780337 0.3783128801641125 3.3000000000000003
      vertex -6.025 0 3.3000000000000003
      vertex -6.013111038780337 -0.3783128801641125 3.3000000000000003
    endloop
  endfacet
  facet normal 0 0 1
    outer loop
      vertex -5.97749107541973 0.755132732224932 3.3000000000000003
      vertex -6.013111038780337 -0.3783128801641125 3.3000000000000003
      vertex -5.97749107541973 -0.755132732224932 3.3000000000000003
    endloop
  endfacet
  facet normal 0 0 1
    outer loop
      vertex -5.918280685640349 1.1289724203789921 3.3000000000000003
      vertex -5.97749107541973 -0.755132732224932 3.3000000000000003
      vertex -5.918280685640349 -1.1289724203789921 3.3000000000000003
    endloop
  endfacet
  facet normal 0 0 1
    outer loop
      vertex -5.835713545800003 1.4983565701682506 3.3000000000000003
      vertex -5.918280685640349 -1.1289724203789921 3.3000000000000003
      vertex -5.835713545800003 -1.4983565701682506 3.3000000000000003
    endloop
  endfacet
  facet normal 0 0 1
    outer loop
      vertex -5.7301155106783 1.8618273911090581 3.3000000000000003
      vertex -5.835713545800003 -1.4983565701682506 3.3000000000000003
      vertex -5.7301155106783 -1.8618273911090581 3.3000000000000003
    endloop
  endfacet
  facet normal 0 0 1
    outer loop
      vertex -5.601903327476715 2.2179504299251844 3.3000000000000003
      vertex -5.7301155106783 -1.8618273911090581 3.3000000000000003
      vertex -5.601903327476715 -2.2179504299251844 3.3000000000000003
    endloop
  endfacet
  facet normal 0 0 1
    outer loop
      vertex -5.4515829911077684 2.5653202316795616 3.3000000000000003
      vertex -5.601903327476715 -2.2179504299251844 3.3000000000000003
      vertex -5.4515829911077684 -2.5653202316795616 3.3000000000000003
    endloop
  endfacet
  facet normal 0 0 1
    outer loop
      vertex -5.2797477472642775 2.902565886462835 3.3000000000000003
      vertex -5.4515829911077684 -2.5653202316795616 3.3000000000000003
      vertex -5.2797477472642775 -2.902565886462835 3.3000000000000003
    endloop
  endfacet
  facet normal 0 0 1
    outer loop
      vertex -5.087075751149641 3.228356439748455 3.3000000000000003
      vertex -5.2797477472642775 -2.902565886462835 3.3000000000000003
      vertex -5.087075751149641 -3.228356439748455 3.3000000000000003
    endloop
  endfacet
  facet normal 0.7901550123756897 0.6129070536529774 0
    outer loop
      vertex -4.874327391109059 -3.541406145062151 3.3000000000000003
      vertex -4.874327391109059 -3.541406145062151 6
      vertex -4.642342287724131 -3.840479538235855 3.3000000000000003
    endloop
  endfacet
  facet normal 0.7501110696304596 0.6613118653236518 0
    outer loop
      vertex -4.642342287724131 -3.840479538235855 3.3000000000000003
      vertex -4.642342287724131 -3.840479538235855 6
      vertex -4.392035980214006 -4.124396313220348 3.3000000000000003
    endloop
  endfacet
  facet normal 0.7071067811865475 0.7071067811865475 0
    outer loop
      vertex -4.392035980214006 -4.124396313220348 3.3000000000000003
      vertex -4.392035980214006 -4.124396313220348 6
      vertex -4.124396313220348 -4.392035980214006 3.3000000000000003
    endloop
  endfacet
  facet normal 0.6613118653236518 0.7501110696304596 0
    outer loop
      vertex -4.124396313220348 -4.392035980214006 3.3000000000000003
      vertex -4.124396313220348 -4.392035980214006 6
      vertex -3.840479538235855 -4.642342287724131 3.3000000000000003
    endloop
  endfacet
  facet normal 0.6129070536529774 0.7901550123756897 0
    outer loop
      vertex -3.840479538235855 -4.642342287724131 3.3000000000000003
      vertex -3.840479538235855 -4.642342287724131 6
      vertex -3.541406145062151 -4.874327391109059 3.3000000000000003
    endloop
  endfacet
  facet normal 0.5620833778521291 0.8270805742745627 0
    outer loop
      vertex -3.541406145062151 -4.874327391109059 3.3000000000000003
      vertex -3.541406145062151 -4.874327391109059 6
      vertex -3.228356439748455 -5.087075751149641 3.3000000000000003
    endloop
  endfacet
  facet normal 0 0 1
    outer loop
      vertex -4.874327391109059 3.541406145062151 3.3000000000000003
      vertex -5.087075751149641 -3.228356439748455 3.3000000000000003
      vertex -4.874327391109059 -3.541406145062151 3.3000000000000003
    endloop
  endfacet
  facet normal 0 0 1
    outer loop
      vertex -4.642342287724131 3.840479538235855 3.3000000000000003
      vertex -4.874327391109059 -3.541406145062151 3.3000000000000003
      vertex -4.642342287724131 -3.840479538235855 3.3000000000000003
    endloop
  endfacet
  facet normal 0 0 1
    outer loop
      vertex -4.392035980214006 4.124396313220348 3.3000000000000003
      vertex -4.642342287724131 -3.840479538235855 3.3000000000000003
      vertex -4.392035980214006 -4.124396313220348 3.3000000000000003
    endloop
  endfacet
  facet normal 0 0 1
    outer loop
      vertex -4.124396313220348 4.392035980214006 3.3000000000000003
      vertex -4.392035980214006 -4.124396313220348 3.3000000000000003
      vertex -4.124396313220348 -4.392035980214006 3.3000000000000003
    endloop
  endfacet
  facet normal 0 0 1
    outer loop
      vertex -3.840479538235855 4.642342287724131 3.3000000000000003
      vertex -4.124396313220348 -4.392035980214006 3.3000000000000003
      vertex -3.840479538235855 -4.642342287724131 3.3000000000000003
    endloop
  endfacet
  facet normal 0 0 1
    outer loop
      vertex -3.541406145062151 4.874327391109059 3.3000000000000003
      vertex -3.840479538235855 -4.642342287724131 3.3000000000000003
      vertex -3.541406145062151 -4.874327391109059 3.3000000000000003
    endloop
  endfacet
  facet normal 0 0 1
    outer loop
      vertex -3.228356439748455 5.087075751149641 3.3000000000000003
      vertex -3.541406145062151 -4.874327391109059 3.3000000000000003
      vertex -3.228356439748455 -5.087075751149641 3.3000000000000003
    endloop
  endfacet
  facet normal 0 0 1
    outer loop
      vertex -2.902565886462835 5.2797477472642775 3.3000000000000003
      vertex -3.228356439748455 -5.087075751149641 3.3000000000000003
      vertex -2.9025658864628343 -5.279747747264278 3.3000000000000003
    endloop
  endfacet
  facet normal 0 0 1
    outer loop
      vertex -2.5653202316795616 5.4515829911077684 3.3000000000000003
      vertex -2.9025658864628343 -5.279747747264278 3.3000000000000003
      vertex -2.5653202316795634 -5.451582991107768 3.3000000000000003
    endloop
  endfacet
  facet normal 0 0 1
    outer loop
      vertex -2.2179504299251844 5.601903327476715 3.3000000000000003
      vertex -2.5653202316795634 -5.451582991107768 3.3000000000000003
      vertex -2.2179504299251844 -5.601903327476715 3.3000000000000003
    endloop
  endfacet
  facet normal 0 0 1
    outer loop
      vertex -1.8618273911090581 5.7301155106783 3.3000000000000003
      vertex -2.2179504299251844 -5.601903327476715 3.3000000000000003
      vertex -1.8618273911090581 -5.7301155106783 3.3000000000000003
    endloop
  endfacet
  facet normal 0 0 1
    outer loop
      vertex -1.4983565701682506 5.835713545800003 3.3000000000000003
      vertex -1.8618273911090581 -5.7301155106783 3.3000000000000003
      vertex -1.4983565701682506 -5.835713545800003 3.3000000000000003
    endloop
  endfacet
  facet normal 0 0 1
    outer loop
      vertex -1.1289724203789921 5.918280685640349 3.3000000000000003
      vertex -1.4983565701682506 -5.835713545800003 3.3000000000000003
      vertex -1.1289724203789906 -5.91828068564035 3.3000000000000003
    endloop
  endfacet
  facet normal 0 0 1
    outer loop
      vertex -0.755132732224932 5.97749107541973 3.3000000000000003
      vertex -1.1289724203789906 -5.91828068564035 3.3000000000000003
      vertex -0.7551327322249334 -5.97749107541973 3.3000000000000003
    endloop
  endfacet
  facet normal 0 0 1
    outer loop
      vertex -0.37831288016411546 6.013111038780337 3.3000000000000003
      vertex -0.7551327322249334 -5.97749107541973 3.3000000000000003
      vertex -0.3783128801641125 -6.013111038780337 3.3000000000000003
    endloop
  endfacet
  facet normal 0 0 1
    outer loop
      vertex 0 6.025 3.3000000000000003
      vertex -0.3783128801641125 -6.013111038780337 3.3000000000000003
      vertex 0 -6.025 3.3000000000000003
    endloop
  endfacet
  facet normal 0.5090414157503712 0.8607420270039438 0
    outer loop
      vertex -3.228356439748455 -5.087075751149641 3.3000000000000003
      vertex -3.228356439748455 -5.087075751149641 6
      vertex -2.9025658864628343 -5.279747747264278 3.3000000000000003
    endloop
  endfacet
  facet normal 0.4539904997395469 0.8910065241883679 0
    outer loop
      vertex -2.9025658864628343 -5.279747747264278 3.3000000000000003
      vertex -2.9025658864628343 -5.279747747264278 6
      vertex -2.5653202316795634 -5.451582991107768 3.3000000000000003
    endloop
  endfacet
  facet normal 0.39714789063478095 0.917754625683981 0
    outer loop
      vertex -2.5653202316795634 -5.451582991107768 3.3000000000000003
      vertex -2.5653202316795634 -5.451582991107768 6
      vertex -2.2179504299251844 -5.601903327476715 3.3000000000000003
    endloop
  endfacet
  facet normal 0.3387379202452902 0.9408807689542258 0
    outer loop
      vertex -2.2179504299251844 -5.601903327476715 3.3000000000000003
      vertex -2.2179504299251844 -5.601903327476715 6
      vertex -1.8618273911090581 -5.7301155106783 3.3000000000000003
    endloop
  endfacet
  facet normal 0.2789911060392304 0.9602936856769427 0
    outer loop
      vertex -1.8618273911090581 -5.7301155106783 3.3000000000000003
      vertex -1.8618273911090581 -5.7301155106783 6
      vertex -1.4983565701682506 -5.835713545800003 3.3000000000000003
    endloop
  endfacet
  facet normal 0.21814324139654345 0.9759167619387471 0
    outer loop
      vertex -1.4983565701682506 -5.835713545800003 3.3000000000000003
      vertex -1.4983565701682506 -5.835713545800003 6
      vertex -1.1289724203789906 -5.91828068564035 3.3000000000000003
    endloop
  endfacet
  facet normal 0.15643446504023117 0.9876883405951378 0
    outer loop
      vertex -1.1289724203789906 -5.91828068564035 3.3000000000000003
      vertex -1.1289724203789906 -5.91828068564035 6
      vertex -0.7551327322249334 -5.97749107541973 3.3000000000000003
    endloop
  endfacet
  facet normal 0.09410831331851327 0.9955619646030802 0
    outer loop
      vertex -0.7551327322249334 -5.97749107541973 3.3000000000000003
      vertex -0.7551327322249334 -5.97749107541973 6
      vertex -0.3783128801641125 -6.013111038780337 3.3000000000000003
    endloop
  endfacet
  facet normal 0.031410759078128146 0.9995065603657315 0
    outer loop
      vertex -0.3783128801641125 -6.013111038780337 3.3000000000000003
      vertex -0.3783128801641125 -6.013111038780337 6
      vertex 0 -6.025 3.3000000000000003
    endloop
  endfacet
  facet normal -0.0314107590781279 -0.9995065603657317 0
    outer loop
      vertex 0 6.025 3.3000000000000003
      vertex 0.37831288016411546 6.013111038780337 6
      vertex 0 6.025 6
    endloop
  endfacet
  facet normal -0.09410831331851434 -0.9955619646030802 0
    outer loop
      vertex 0.37831288016411546 6.013111038780337 3.3000000000000003
      vertex 0.755132732224932 5.97749107541973 6
      vertex 0.37831288016411546 6.013111038780337 6
    endloop
  endfacet
  facet normal -0.15643446504023223 -0.9876883405951374 0
    outer loop
      vertex 0.755132732224932 5.97749107541973 3.3000000000000003
      vertex 1.1289724203789921 5.918280685640349 6
      vertex 0.755132732224932 5.97749107541973 6
    endloop
  endfacet
  facet normal -0.21814324139654137 -0.9759167619387477 0
    outer loop
      vertex 1.1289724203789921 5.918280685640349 3.3000000000000003
      vertex 1.498356570168248 5.835713545800004 6
      vertex 1.1289724203789921 5.918280685640349 6
    endloop
  endfacet
  facet normal -0.27899110603923066 -0.9602936856769427 0
    outer loop
      vertex 1.498356570168248 5.835713545800004 3.3000000000000003
      vertex 1.8618273911090581 5.7301155106783 6
      vertex 1.498356570168248 5.835713545800004 6
    endloop
  endfacet
  facet normal -0.33873792024529004 -0.9408807689542259 0
    outer loop
      vertex 1.8618273911090581 5.7301155106783 3.3000000000000003
      vertex 2.217950429925187 5.601903327476714 6
      vertex 1.8618273911090581 5.7301155106783 6
    endloop
  endfacet
  facet normal -0.3971478906347813 -0.9177546256839809 0
    outer loop
      vertex 2.217950429925187 5.601903327476714 3.3000000000000003
      vertex 2.5653202316795616 5.4515829911077684 6
      vertex 2.217950429925187 5.601903327476714 6
    endloop
  endfacet
  facet normal -0.45399049973954775 -0.8910065241883675 0
    outer loop
      vertex 2.5653202316795616 5.4515829911077684 3.3000000000000003
      vertex 2.902565886462835 5.2797477472642775 6
      vertex 2.5653202316795616 5.4515829911077684 6
    endloop
  endfacet
  facet normal -0.5090414157503701 -0.8607420270039443 0
    outer loop
      vertex 2.902565886462835 5.2797477472642775 3.3000000000000003
      vertex 3.2283564397484525 5.0870757511496425 6
      vertex 2.902565886462835 5.2797477472642775 6
    endloop
  endfacet
  facet normal -0.5620833778521293 -0.8270805742745629 0
    outer loop
      vertex 3.2283564397484525 5.0870757511496425 3.3000000000000003
      vertex 3.541406145062151 4.874327391109059 6
      vertex 3.2283564397484525 5.0870757511496425 6
    endloop
  endfacet
  facet normal -0.6129070536529774 -0.7901550123756896 0
    outer loop
      vertex 3.541406145062151 4.874327391109059 3.3000000000000003
      vertex 3.8404795382358574 4.642342287724129 6
      vertex 3.541406145062151 4.874327391109059 6
    endloop
  endfacet
  facet normal -0.661311865323652 -0.7501110696304593 0
    outer loop
      vertex 3.8404795382358574 4.642342287724129 3.3000000000000003
      vertex 4.124396313220348 4.392035980214006 6
      vertex 3.8404795382358574 4.642342287724129 6
    endloop
  endfacet
  facet normal -0.7071067811865475 -0.7071067811865475 0
    outer loop
      vertex 4.124396313220348 4.392035980214006 3.3000000000000003
      vertex 4.392035980214006 4.124396313220348 6
      vertex 4.124396313220348 4.392035980214006 6
    endloop
  endfacet
  facet normal -0.7501110696304593 -0.661311865323652 0
    outer loop
      vertex 4.392035980214006 4.124396313220348 3.3000000000000003
      vertex 4.642342287724129 3.8404795382358574 6
      vertex 4.392035980214006 4.124396313220348 6
    endloop
  endfacet
  facet normal -0.7901550123756896 -0.6129070536529774 0
    outer loop
      vertex 4.642342287724129 3.8404795382358574 3.3000000000000003
      vertex 4.874327391109059 3.541406145062151 6
      vertex 4.642342287724129 3.8404795382358574 6
    endloop
  endfacet
  facet normal -0.8270805742745629 -0.5620833778521293 0
    outer loop
      vertex 4.874327391109059 3.541406145062151 3.3000000000000003
      vertex 5.0870757511496425 3.2283564397484525 6
      vertex 4.874327391109059 3.541406145062151 6
    endloop
  endfacet
  facet normal -0.8607420270039443 -0.5090414157503701 0
    outer loop
      vertex 5.0870757511496425 3.2283564397484525 3.3000000000000003
      vertex 5.2797477472642775 2.902565886462835 6
      vertex 5.0870757511496425 3.2283564397484525 6
    endloop
  endfacet
  facet normal -0.8910065241883675 -0.45399049973954775 0
    outer loop
      vertex 5.2797477472642775 2.902565886462835 3.3000000000000003
      vertex 5.4515829911077684 2.5653202316795616 6
      vertex 5.2797477472642775 2.902565886462835 6
    endloop
  endfacet
  facet normal -0.9177546256839809 -0.3971478906347813 0
    outer loop
      vertex 5.4515829911077684 2.5653202316795616 3.3000000000000003
      vertex 5.601903327476714 2.217950429925187 6
      vertex 5.4515829911077684 2.5653202316795616 6
    endloop
  endfacet
  facet normal -0.9408807689542259 -0.33873792024529004 0
    outer loop
      vertex 5.601903327476714 2.217950429925187 3.3000000000000003
      vertex 5.7301155106783 1.8618273911090581 6
      vertex 5.601903327476714 2.217950429925187 6
    endloop
  endfacet
  facet normal -0.9602936856769427 -0.27899110603923066 0
    outer loop
      vertex 5.7301155106783 1.8618273911090581 3.3000000000000003
      vertex 5.835713545800004 1.498356570168248 6
      vertex 5.7301155106783 1.8618273911090581 6
    endloop
  endfacet
  facet normal -0.9759167619387477 -0.21814324139654137 0
    outer loop
      vertex 5.835713545800004 1.498356570168248 3.3000000000000003
      vertex 5.918280685640349 1.1289724203789921 6
      vertex 5.835713545800004 1.498356570168248 6
    endloop
  endfacet
  facet normal -0.9876883405951374 -0.15643446504023223 0
    outer loop
      vertex 5.918280685640349 1.1289724203789921 3.3000000000000003
      vertex 5.97749107541973 0.755132732224932 6
      vertex 5.918280685640349 1.1289724203789921 6
    endloop
  endfacet
  facet normal -0.9955619646030802 -0.09410831331851434 0
    outer loop
      vertex 5.97749107541973 0.755132732224932 3.3000000000000003
      vertex 6.013111038780337 0.37831288016411546 6
      vertex 5.97749107541973 0.755132732224932 6
    endloop
  endfacet
  facet normal -0.9995065603657317 -0.0314107590781279 0
    outer loop
      vertex 6.013111038780337 0.37831288016411546 3.3000000000000003
      vertex 6.025 0 6
      vertex 6.013111038780337 0.37831288016411546 6
    endloop
  endfacet
  facet normal -0.0314107590781279 -0.9995065603657317 4.0422463340720527e-19
    outer loop
      vertex 0 6.025 3.3000000000000003
      vertex 0.37831288016411546 6.013111038780337 3.3000000000000003
      vertex 0.37831288016411546 6.013111038780337 6
    endloop
  endfacet
  facet normal -0.09410831331851434 -0.9955619646030802 -6.826943618352944e-19
    outer loop
      vertex 0.37831288016411546 6.013111038780337 3.3000000000000003
      vertex 0.755132732224932 5.97749107541973 3.3000000000000003
      vertex 0.755132732224932 5.97749107541973 6
    endloop
  endfacet
  facet normal -0.15643446504023223 -0.9876883405951374 9.402394857256291e-19
    outer loop
      vertex 0.755132732224932 5.97749107541973 3.3000000000000003
      vertex 1.1289724203789921 5.918280685640349 3.3000000000000003
      vertex 1.1289724203789921 5.918280685640349 6
    endloop
  endfacet
  facet normal -0.21814324139654137 -0.9759167619387477 -8.764295504657354e-19
    outer loop
      vertex 1.1289724203789921 5.918280685640349 3.3000000000000003
      vertex 1.498356570168248 5.835713545800004 3.3000000000000003
      vertex 1.498356570168248 5.835713545800004 6
    endloop
  endfacet
  facet normal -0.27899110603923066 -0.9602936856769427 1.328426872007052e-18
    outer loop
      vertex 1.498356570168248 5.835713545800004 3.3000000000000003
      vertex 1.8618273911090581 5.7301155106783 3.3000000000000003
      vertex 1.8618273911090581 5.7301155106783 6
    endloop
  endfacet
  facet normal -0.33873792024529004 -0.9408807689542259 2.889524470352172e-18
    outer loop
      vertex 1.8618273911090581 5.7301155106783 3.3000000000000003
      vertex 2.217950429925187 5.601903327476714 3.3000000000000003
      vertex 2.217950429925187 5.601903327476714 6
    endloop
  endfacet
  facet normal -0.3971478906347813 -0.9177546256839809 -2.898187236767405e-18
    outer loop
      vertex 2.217950429925187 5.601903327476714 3.3000000000000003
      vertex 2.5653202316795616 5.4515829911077684 3.3000000000000003
      vertex 2.5653202316795616 5.4515829911077684 6
    endloop
  endfacet
  facet normal -0.45399049973954775 -0.8910065241883675 -3.3735707774472665e-18
    outer loop
      vertex 2.5653202316795616 5.4515829911077684 3.3000000000000003
      vertex 2.902565886462835 5.2797477472642775 3.3000000000000003
      vertex 2.902565886462835 5.2797477472642775 6
    endloop
  endfacet
  facet normal -0.5090414157503701 -0.8607420270039443 1.5911664426689539e-18
    outer loop
      vertex 2.902565886462835 5.2797477472642775 3.3000000000000003
      vertex 3.2283564397484525 5.0870757511496425 3.3000000000000003
      vertex 3.2283564397484525 5.0870757511496425 6
    endloop
  endfacet
  facet normal -0.5620833778521293 -0.8270805742745629 -3.3307445077215564e-18
    outer loop
      vertex 3.2283564397484525 5.0870757511496425 3.3000000000000003
      vertex 3.541406145062151 4.874327391109059 3.3000000000000003
      vertex 3.541406145062151 4.874327391109059 6
    endloop
  endfacet
  facet normal -0.6129070536529774 -0.7901550123756896 -8.0733635584165375e-19
    outer loop
      vertex 3.541406145062151 4.874327391109059 3.3000000000000003
      vertex 3.8404795382358574 4.642342287724129 3.3000000000000003
      vertex 3.8404795382358574 4.642342287724129 6
    endloop
  endfacet
  facet normal -0.661311865323652 -0.7501110696304593 3.924956510430142e-18
    outer loop
      vertex 3.8404795382358574 4.642342287724129 3.3000000000000003
      vertex 4.124396313220348 4.392035980214006 3.3000000000000003
      vertex 4.124396313220348 4.392035980214006 6
    endloop
  endfacet
  facet normal -0.7071067811865475 -0.7071067811865475 8.320526116411597e-19
    outer loop
      vertex 4.124396313220348 4.392035980214006 3.3000000000000003
      vertex 4.392035980214006 4.124396313220348 3.3000000000000003
      vertex 4.392035980214006 4.124396313220348 6
    endloop
  endfacet
  facet normal -0.7501110696304593 -0.661311865323652 3.924956510430142e-18
    outer loop
      vertex 4.392035980214006 4.124396313220348 3.3000000000000003
      vertex 4.642342287724129 3.8404795382358574 3.3000000000000003
      vertex 4.642342287724129 3.8404795382358574 6
    endloop
  endfacet
  facet normal -0.7901550123756896 -0.6129070536529774 -8.0733635584165375e-19
    outer loop
      vertex 4.642342287724129 3.8404795382358574 3.3000000000000003
      vertex 4.874327391109059 3.541406145062151 3.3000000000000003
      vertex 4.874327391109059 3.541406145062151 6
    endloop
  endfacet
  facet normal 0 0 1
    outer loop
      vertex 0 6.025 3.3000000000000003
      vertex 0 -6.025 3.3000000000000003
      vertex 0.37831288016411546 6.013111038780337 3.3000000000000003
    endloop
  endfacet
  facet normal 0 0 1
    outer loop
      vertex 0.37831288016411546 6.013111038780337 3.3000000000000003
      vertex 0.3783128801641125 -6.013111038780337 3.3000000000000003
      vertex 0.755132732224932 5.97749107541973 3.3000000000000003
    endloop
  endfacet
  facet normal 0 0 1
    outer loop
      vertex 0.755132732224932 5.97749107541973 3.3000000000000003
      vertex 0.7551327322249334 -5.97749107541973 3.3000000000000003
      vertex 1.1289724203789921 5.918280685640349 3.3000000000000003
    endloop
  endfacet
  facet normal 0 0 1
    outer loop
      vertex 1.1289724203789921 5.918280685640349 3.3000000000000003
      vertex 1.1289724203789906 -5.91828068564035 3.3000000000000003
      vertex 1.498356570168248 5.835713545800004 3.3000000000000003
    endloop
  endfacet
  facet normal 0 0 1
    outer loop
      vertex 1.498356570168248 5.835713545800004 3.3000000000000003
      vertex 1.4983565701682506 -5.835713545800003 3.3000000000000003
      vertex 1.8618273911090581 5.7301155106783 3.3000000000000003
    endloop
  endfacet
  facet normal 0 0 1
    outer loop
      vertex 1.8618273911090581 5.7301155106783 3.3000000000000003
      vertex 1.8618273911090581 -5.7301155106783 3.3000000000000003
      vertex 2.217950429925187 5.601903327476714 3.3000000000000003
    endloop
  endfacet
  facet normal 0 0 1
    outer loop
      vertex 2.217950429925187 5.601903327476714 3.3000000000000003
      vertex 2.2179504299251844 -5.601903327476715 3.3000000000000003
      vertex 2.5653202316795616 5.4515829911077684 3.3000000000000003
    endloop
  endfacet
  facet normal 0 0 1
    outer loop
      vertex 2.5653202316795616 5.4515829911077684 3.3000000000000003
      vertex 2.5653202316795634 -5.451582991107768 3.3000000000000003
      vertex 2.902565886462835 5.2797477472642775 3.3000000000000003
    endloop
  endfacet
  facet normal 0 0 1
    outer loop
      vertex 2.902565886462835 5.2797477472642775 3.3000000000000003
      vertex 2.9025658864628343 -5.279747747264278 3.3000000000000003
      vertex 3.2283564397484525 5.0870757511496425 3.3000000000000003
    endloop
  endfacet
  facet normal 0 0 1
    outer loop
      vertex 3.2283564397484525 5.0870757511496425 3.3000000000000003
      vertex 3.228356439748455 -5.087075751149641 3.3000000000000003
      vertex 3.541406145062151 4.874327391109059 3.3000000000000003
    endloop
  endfacet
  facet normal 0 0 1
    outer loop
      vertex 3.541406145062151 4.874327391109059 3.3000000000000003
      vertex 3.541406145062151 -4.874327391109059 3.3000000000000003
      vertex 3.8404795382358574 4.642342287724129 3.3000000000000003
    endloop
  endfacet
  facet normal 0 0 1
    outer loop
      vertex 3.8404795382358574 4.642342287724129 3.3000000000000003
      vertex 3.840479538235856 -4.64234228772413 3.3000000000000003
      vertex 4.124396313220348 4.392035980214006 3.3000000000000003
    endloop
  endfacet
  facet normal 0 0 1
    outer loop
      vertex 4.124396313220348 4.392035980214006 3.3000000000000003
      vertex 4.12439631322035 -4.392035980214005 3.3000000000000003
      vertex 4.392035980214006 4.124396313220348 3.3000000000000003
    endloop
  endfacet
  facet normal 0 0 1
    outer loop
      vertex 4.392035980214006 4.124396313220348 3.3000000000000003
      vertex 4.392035980214005 -4.12439631322035 3.3000000000000003
      vertex 4.642342287724129 3.8404795382358574 3.3000000000000003
    endloop
  endfacet
  facet normal 0 0 1
    outer loop
      vertex 4.642342287724129 3.8404795382358574 3.3000000000000003
      vertex 4.64234228772413 -3.840479538235856 3.3000000000000003
      vertex 4.874327391109059 3.541406145062151 3.3000000000000003
    endloop
  endfacet
  facet normal 0 0 1
    outer loop
      vertex 4.874327391109059 3.541406145062151 3.3000000000000003
      vertex 4.874327391109059 -3.541406145062151 3.3000000000000003
      vertex 5.0870757511496425 3.2283564397484525 3.3000000000000003
    endloop
  endfacet
  facet normal -0.8270805742745629 -0.5620833778521293 -3.3307445077215564e-18
    outer loop
      vertex 4.874327391109059 3.541406145062151 3.3000000000000003
      vertex 5.0870757511496425 3.2283564397484525 3.3000000000000003
      vertex 5.0870757511496425 3.2283564397484525 6
    endloop
  endfacet
  facet normal -0.8607420270039443 -0.5090414157503701 1.5911664426689539e-18
    outer loop
      vertex 5.0870757511496425 3.2283564397484525 3.3000000000000003
      vertex 5.2797477472642775 2.902565886462835 3.3000000000000003
      vertex 5.2797477472642775 2.902565886462835 6
    endloop
  endfacet
  facet normal -0.8910065241883675 -0.45399049973954775 -3.3735707774472665e-18
    outer loop
      vertex 5.2797477472642775 2.902565886462835 3.3000000000000003
      vertex 5.4515829911077684 2.5653202316795616 3.3000000000000003
      vertex 5.4515829911077684 2.5653202316795616 6
    endloop
  endfacet
  facet normal -0.9177546256839809 -0.3971478906347813 -2.898187236767405e-18
    outer loop
      vertex 5.4515829911077684 2.5653202316795616 3.3000000000000003
      vertex 5.601903327476714 2.217950429925187 3.3000000000000003
      vertex 5.601903327476714 2.217950429925187 6
    endloop
  endfacet
  facet normal -0.9408807689542259 -0.33873792024529004 2.889524470352172e-18
    outer loop
      vertex 5.601903327476714 2.217950429925187 3.3000000000000003
      vertex 5.7301155106783 1.8618273911090581 3.3000000000000003
      vertex 5.7301155106783 1.8618273911090581 6
    endloop
  endfacet
  facet normal -0.9602936856769427 -0.27899110603923066 1.328426872007052e-18
    outer loop
      vertex 5.7301155106783 1.8618273911090581 3.3000000000000003
      vertex 5.835713545800004 1.498356570168248 3.3000000000000003
      vertex 5.835713545800004 1.498356570168248 6
    endloop
  endfacet
  facet normal -0.9759167619387477 -0.21814324139654137 -8.764295504657354e-19
    outer loop
      vertex 5.835713545800004 1.498356570168248 3.3000000000000003
      vertex 5.918280685640349 1.1289724203789921 3.3000000000000003
      vertex 5.918280685640349 1.1289724203789921 6
    endloop
  endfacet
  facet normal -0.9876883405951374 -0.15643446504023223 9.402394857256291e-19
    outer loop
      vertex 5.918280685640349 1.1289724203789921 3.3000000000000003
      vertex 5.97749107541973 0.755132732224932 3.3000000000000003
      vertex 5.97749107541973 0.755132732224932 6
    endloop
  endfacet
  facet normal -0.9955619646030802 -0.09410831331851434 -6.826943618352944e-19
    outer loop
      vertex 5.97749107541973 0.755132732224932 3.3000000000000003
      vertex 6.013111038780337 0.37831288016411546 3.3000000000000003
      vertex 6.013111038780337 0.37831288016411546 6
    endloop
  endfacet
  facet normal -0.9995065603657317 -0.0314107590781279 4.0422463340720527e-19
    outer loop
      vertex 6.013111038780337 0.37831288016411546 3.3000000000000003
      vertex 6.025 0 3.3000000000000003
      vertex 6.025 0 6
    endloop
  endfacet
  facet normal 0 0 1
    outer loop
      vertex 5.0870757511496425 3.2283564397484525 3.3000000000000003
      vertex 5.087075751149641 -3.228356439748455 3.3000000000000003
      vertex 5.2797477472642775 2.902565886462835 3.3000000000000003
    endloop
  endfacet
  facet normal 0 0 1
    outer loop
      vertex 5.2797477472642775 2.902565886462835 3.3000000000000003
      vertex 5.279747747264278 -2.902565886462835 3.3000000000000003
      vertex 5.4515829911077684 2.5653202316795616 3.3000000000000003
    endloop
  endfacet
  facet normal 0 0 1
    outer loop
      vertex 5.4515829911077684 2.5653202316795616 3.3000000000000003
      vertex 5.4515829911077684 -2.565320231679563 3.3000000000000003
      vertex 5.601903327476714 2.217950429925187 3.3000000000000003
    endloop
  endfacet
  facet normal 0 0 1
    outer loop
      vertex 5.601903327476714 2.217950429925187 3.3000000000000003
      vertex 5.601903327476714 -2.217950429925185 3.3000000000000003
      vertex 5.7301155106783 1.8618273911090581 3.3000000000000003
    endloop
  endfacet
  facet normal 0 0 1
    outer loop
      vertex 5.7301155106783 1.8618273911090581 3.3000000000000003
      vertex 5.7301155106783 -1.8618273911090581 3.3000000000000003
      vertex 5.835713545800004 1.498356570168248 3.3000000000000003
    endloop
  endfacet
  facet normal 0 0 1
    outer loop
      vertex 5.835713545800004 1.498356570168248 3.3000000000000003
      vertex 5.835713545800003 -1.4983565701682502 3.3000000000000003
      vertex 5.918280685640349 1.1289724203789921 3.3000000000000003
    endloop
  endfacet
  facet normal 0 0 1
    outer loop
      vertex 5.918280685640349 1.1289724203789921 3.3000000000000003
      vertex 5.91828068564035 -1.128972420378991 3.3000000000000003
      vertex 5.97749107541973 0.755132732224932 3.3000000000000003
    endloop
  endfacet
  facet normal 0 0 1
    outer loop
      vertex 5.97749107541973 0.755132732224932 3.3000000000000003
      vertex 5.97749107541973 -0.7551327322249332 3.3000000000000003
      vertex 6.013111038780337 0.37831288016411546 3.3000000000000003
    endloop
  endfacet
  facet normal -0.5620833778521291 0.8270805742745627 0
    outer loop
      vertex 3.541406145062151 -4.874327391109059 3.3000000000000003
      vertex 3.228356439748455 -5.087075751149641 6
      vertex 3.541406145062151 -4.874327391109059 6
    endloop
  endfacet
  facet normal -0.6129070536529776 0.7901550123756894 0
    outer loop
      vertex 3.840479538235856 -4.64234228772413 3.3000000000000003
      vertex 3.541406145062151 -4.874327391109059 6
      vertex 3.840479538235856 -4.64234228772413 6
    endloop
  endfacet
  facet normal -0.7901550123756894 0.6129070536529776 0
    outer loop
      vertex 4.874327391109059 -3.541406145062151 3.3000000000000003
      vertex 4.64234228772413 -3.840479538235856 6
      vertex 4.874327391109059 -3.541406145062151 6
    endloop
  endfacet
  facet normal -0.7071067811865475 0.7071067811865475 0
    outer loop
      vertex 4.392035980214005 -4.12439631322035 3.3000000000000003
      vertex 4.12439631322035 -4.392035980214005 6
      vertex 4.392035980214005 -4.12439631322035 6
    endloop
  endfacet
  facet normal -0.6613118653236507 0.7501110696304606 0
    outer loop
      vertex 4.12439631322035 -4.392035980214005 3.3000000000000003
      vertex 3.840479538235856 -4.64234228772413 6
      vertex 4.12439631322035 -4.392035980214005 6
    endloop
  endfacet
  facet normal -0.7501110696304606 0.6613118653236507 0
    outer loop
      vertex 4.64234228772413 -3.840479538235856 3.3000000000000003
      vertex 4.392035980214005 -4.12439631322035 6
      vertex 4.64234228772413 -3.840479538235856 6
    endloop
  endfacet
  facet normal -0.031410759078128146 0.9995065603657315 0
    outer loop
      vertex 0.3783128801641125 -6.013111038780337 3.3000000000000003
      vertex 0 -6.025 6
      vertex 0.3783128801641125 -6.013111038780337 6
    endloop
  endfacet
  facet normal -0.09410831331851327 0.9955619646030802 0
    outer loop
      vertex 0.7551327322249334 -5.97749107541973 3.3000000000000003
      vertex 0.3783128801641125 -6.013111038780337 6
      vertex 0.7551327322249334 -5.97749107541973 6
    endloop
  endfacet
  facet normal -0.15643446504023117 0.9876883405951378 0
    outer loop
      vertex 1.1289724203789906 -5.91828068564035 3.3000000000000003
      vertex 0.7551327322249334 -5.97749107541973 6
      vertex 1.1289724203789906 -5.91828068564035 6
    endloop
  endfacet
  facet normal -0.21814324139654345 0.9759167619387471 0
    outer loop
      vertex 1.4983565701682506 -5.835713545800003 3.3000000000000003
      vertex 1.1289724203789906 -5.91828068564035 6
      vertex 1.4983565701682506 -5.835713545800003 6
    endloop
  endfacet
  facet normal -0.2789911060392304 0.9602936856769427 0
    outer loop
      vertex 1.8618273911090581 -5.7301155106783 3.3000000000000003
      vertex 1.4983565701682506 -5.835713545800003 6
      vertex 1.8618273911090581 -5.7301155106783 6
    endloop
  endfacet
  facet normal -0.39714789063478095 0.917754625683981 0
    outer loop
      vertex 2.5653202316795634 -5.451582991107768 3.3000000000000003
      vertex 2.2179504299251844 -5.601903327476715 6
      vertex 2.5653202316795634 -5.451582991107768 6
    endloop
  endfacet
  facet normal -0.3387379202452902 0.9408807689542258 0
    outer loop
      vertex 2.2179504299251844 -5.601903327476715 3.3000000000000003
      vertex 1.8618273911090581 -5.7301155106783 6
      vertex 2.2179504299251844 -5.601903327476715 6
    endloop
  endfacet
  facet normal -0.4539904997395469 0.8910065241883679 0
    outer loop
      vertex 2.9025658864628343 -5.279747747264278 3.3000000000000003
      vertex 2.5653202316795634 -5.451582991107768 6
      vertex 2.9025658864628343 -5.279747747264278 6
    endloop
  endfacet
  facet normal -0.5090414157503712 0.8607420270039438 0
    outer loop
      vertex 3.228356439748455 -5.087075751149641 3.3000000000000003
      vertex 2.9025658864628343 -5.279747747264278 6
      vertex 3.228356439748455 -5.087075751149641 6
    endloop
  endfacet
  facet normal -0.9995065603657315 0.0314107590781281 0
    outer loop
      vertex 6.025 0 3.3000000000000003
      vertex 6.013111038780337 -0.3783128801641131 6
      vertex 6.025 0 6
    endloop
  endfacet
  facet normal -0.99556196460308 0.09410831331851345 0
    outer loop
      vertex 6.013111038780337 -0.3783128801641131 3.3000000000000003
      vertex 5.97749107541973 -0.7551327322249332 6
      vertex 6.013111038780337 -0.3783128801641131 6
    endloop
  endfacet
  facet normal -0.9876883405951378 0.1564344650402309 0
    outer loop
      vertex 5.97749107541973 -0.7551327322249332 3.3000000000000003
      vertex 5.91828068564035 -1.128972420378991 6
      vertex 5.97749107541973 -0.7551327322249332 6
    endloop
  endfacet
  facet normal -0.9177546256839823 0.3971478906347778 0
    outer loop
      vertex 5.601903327476714 -2.217950429925185 3.3000000000000003
      vertex 5.4515829911077684 -2.565320231679563 6
      vertex 5.601903327476714 -2.217950429925185 6
    endloop
  endfacet
  facet normal -0.9759167619387471 0.21814324139654398 0
    outer loop
      vertex 5.91828068564035 -1.128972420378991 3.3000000000000003
      vertex 5.835713545800003 -1.4983565701682502 6
      vertex 5.91828068564035 -1.128972420378991 6
    endloop
  endfacet
  facet normal -0.9602936856769427 0.27899110603923 0
    outer loop
      vertex 5.835713545800003 -1.4983565701682502 3.3000000000000003
      vertex 5.7301155106783 -1.8618273911090581 6
      vertex 5.835713545800003 -1.4983565701682502 6
    endloop
  endfacet
  facet normal -0.9408807689542253 0.338737920245292 0
    outer loop
      vertex 5.7301155106783 -1.8618273911090581 3.3000000000000003
      vertex 5.601903327476714 -2.217950429925185 6
      vertex 5.7301155106783 -1.8618273911090581 6
    endloop
  endfacet
  facet normal -0.8607420270039431 0.5090414157503722 0
    outer loop
      vertex 5.279747747264278 -2.902565886462835 3.3000000000000003
      vertex 5.087075751149641 -3.228356439748455 6
      vertex 5.279747747264278 -2.902565886462835 6
    endloop
  endfacet
  facet normal -0.8910065241883676 0.4539904997395473 0
    outer loop
      vertex 5.4515829911077684 -2.565320231679563 3.3000000000000003
      vertex 5.279747747264278 -2.902565886462835 6
      vertex 5.4515829911077684 -2.565320231679563 6
    endloop
  endfacet
  facet normal -0.8270805742745627 0.5620833778521291 0
    outer loop
      vertex 5.087075751149641 -3.228356439748455 3.3000000000000003
      vertex 4.874327391109059 -3.541406145062151 6
      vertex 5.087075751149641 -3.228356439748455 6
    endloop
  endfacet
  facet normal -0.6129070536529776 0.7901550123756894 0
    outer loop
      vertex 3.541406145062151 -4.874327391109059 3.3000000000000003
      vertex 3.541406145062151 -4.874327391109059 6
      vertex 3.840479538235856 -4.64234228772413 3.3000000000000003
    endloop
  endfacet
  facet normal -0.8270805742745627 0.5620833778521291 4.443638234287009e-18
    outer loop
      vertex 5.087075751149641 -3.228356439748455 3.3000000000000003
      vertex 4.874327391109059 -3.541406145062151 3.3000000000000003
      vertex 4.874327391109059 -3.541406145062151 6
    endloop
  endfacet
  facet normal -0.7901550123756894 0.6129070536529776 -4.7775579199822396e-18
    outer loop
      vertex 4.874327391109059 -3.541406145062151 3.3000000000000003
      vertex 4.64234228772413 -3.840479538235856 3.3000000000000003
      vertex 4.64234228772413 -3.840479538235856 6
    endloop
  endfacet
  facet normal -0.7071067811865475 0.7071067811865475 2.24196104721896e-18
    outer loop
      vertex 4.392035980214005 -4.12439631322035 3.3000000000000003
      vertex 4.12439631322035 -4.392035980214005 3.3000000000000003
      vertex 4.12439631322035 -4.392035980214005 6
    endloop
  endfacet
  facet normal -0.6613118653236507 0.7501110696304606 1.6421889580545932e-18
    outer loop
      vertex 4.12439631322035 -4.392035980214005 3.3000000000000003
      vertex 3.840479538235856 -4.64234228772413 3.3000000000000003
      vertex 3.840479538235856 -4.64234228772413 6
    endloop
  endfacet
  facet normal -0.7501110696304606 0.6613118653236507 0
    outer loop
      vertex 4.392035980214005 -4.12439631322035 3.3000000000000003
      vertex 4.392035980214005 -4.12439631322035 6
      vertex 4.64234228772413 -3.840479538235856 3.3000000000000003
    endloop
  endfacet
  facet normal 0 0 1
    outer loop
      vertex 0 -6.025 3.3000000000000003
      vertex 0.3783128801641125 -6.013111038780337 3.3000000000000003
      vertex 0.37831288016411546 6.013111038780337 3.3000000000000003
    endloop
  endfacet
  facet normal 0 0 1
    outer loop
      vertex 0.755132732224932 5.97749107541973 3.3000000000000003
      vertex 0.3783128801641125 -6.013111038780337 3.3000000000000003
      vertex 0.7551327322249334 -5.97749107541973 3.3000000000000003
    endloop
  endfacet
  facet normal 0 0 1
    outer loop
      vertex 1.1289724203789921 5.918280685640349 3.3000000000000003
      vertex 0.7551327322249334 -5.97749107541973 3.3000000000000003
      vertex 1.1289724203789906 -5.91828068564035 3.3000000000000003
    endloop
  endfacet
  facet normal 0 0 1
    outer loop
      vertex 1.498356570168248 5.835713545800004 3.3000000000000003
      vertex 1.1289724203789906 -5.91828068564035 3.3000000000000003
      vertex 1.4983565701682506 -5.835713545800003 3.3000000000000003
    endloop
  endfacet
  facet normal 0 0 1
    outer loop
      vertex 1.8618273911090581 5.7301155106783 3.3000000000000003
      vertex 1.4983565701682506 -5.835713545800003 3.3000000000000003
      vertex 1.8618273911090581 -5.7301155106783 3.3000000000000003
    endloop
  endfacet
  facet normal 0 0 1
    outer loop
      vertex 2.5653202316795616 5.4515829911077684 3.3000000000000003
      vertex 2.2179504299251844 -5.601903327476715 3.3000000000000003
      vertex 2.5653202316795634 -5.451582991107768 3.3000000000000003
    endloop
  endfacet
  facet normal 0 0 1
    outer loop
      vertex 2.217950429925187 5.601903327476714 3.3000000000000003
      vertex 1.8618273911090581 -5.7301155106783 3.3000000000000003
      vertex 2.2179504299251844 -5.601903327476715 3.3000000000000003
    endloop
  endfacet
  facet normal 0 0 1
    outer loop
      vertex 2.902565886462835 5.2797477472642775 3.3000000000000003
      vertex 2.5653202316795634 -5.451582991107768 3.3000000000000003
      vertex 2.9025658864628343 -5.279747747264278 3.3000000000000003
    endloop
  endfacet
  facet normal 0 0 1
    outer loop
      vertex 3.2283564397484525 5.0870757511496425 3.3000000000000003
      vertex 2.9025658864628343 -5.279747747264278 3.3000000000000003
      vertex 3.228356439748455 -5.087075751149641 3.3000000000000003
    endloop
  endfacet
  facet normal 0 0 1
    outer loop
      vertex 3.541406145062151 4.874327391109059 3.3000000000000003
      vertex 3.228356439748455 -5.087075751149641 3.3000000000000003
      vertex 3.541406145062151 -4.874327391109059 3.3000000000000003
    endloop
  endfacet
  facet normal 0 0 1
    outer loop
      vertex 3.8404795382358574 4.642342287724129 3.3000000000000003
      vertex 3.541406145062151 -4.874327391109059 3.3000000000000003
      vertex 3.840479538235856 -4.64234228772413 3.3000000000000003
    endloop
  endfacet
  facet normal 0 0 1
    outer loop
      vertex 4.124396313220348 4.392035980214006 3.3000000000000003
      vertex 3.840479538235856 -4.64234228772413 3.3000000000000003
      vertex 4.12439631322035 -4.392035980214005 3.3000000000000003
    endloop
  endfacet
  facet normal 0 0 1
    outer loop
      vertex 4.392035980214006 4.124396313220348 3.3000000000000003
      vertex 4.12439631322035 -4.392035980214005 3.3000000000000003
      vertex 4.392035980214005 -4.12439631322035 3.3000000000000003
    endloop
  endfacet
  facet normal 0 0 1
    outer loop
      vertex 4.642342287724129 3.8404795382358574 3.3000000000000003
      vertex 4.392035980214005 -4.12439631322035 3.3000000000000003
      vertex 4.64234228772413 -3.840479538235856 3.3000000000000003
    endloop
  endfacet
  facet normal 0 0 1
    outer loop
      vertex 4.874327391109059 3.541406145062151 3.3000000000000003
      vertex 4.64234228772413 -3.840479538235856 3.3000000000000003
      vertex 4.874327391109059 -3.541406145062151 3.3000000000000003
    endloop
  endfacet
  facet normal -0.031410759078128146 0.9995065603657315 0
    outer loop
      vertex 0 -6.025 3.3000000000000003
      vertex 0 -6.025 6
      vertex 0.3783128801641125 -6.013111038780337 3.3000000000000003
    endloop
  endfacet
  facet normal -0.09410831331851327 0.9955619646030802 0
    outer loop
      vertex 0.3783128801641125 -6.013111038780337 3.3000000000000003
      vertex 0.3783128801641125 -6.013111038780337 6
      vertex 0.7551327322249334 -5.97749107541973 3.3000000000000003
    endloop
  endfacet
  facet normal -0.15643446504023117 0.9876883405951378 0
    outer loop
      vertex 0.7551327322249334 -5.97749107541973 3.3000000000000003
      vertex 0.7551327322249334 -5.97749107541973 6
      vertex 1.1289724203789906 -5.91828068564035 3.3000000000000003
    endloop
  endfacet
  facet normal -0.21814324139654345 0.9759167619387471 0
    outer loop
      vertex 1.1289724203789906 -5.91828068564035 3.3000000000000003
      vertex 1.1289724203789906 -5.91828068564035 6
      vertex 1.4983565701682506 -5.835713545800003 3.3000000000000003
    endloop
  endfacet
  facet normal -0.2789911060392304 0.9602936856769427 0
    outer loop
      vertex 1.4983565701682506 -5.835713545800003 3.3000000000000003
      vertex 1.4983565701682506 -5.835713545800003 6
      vertex 1.8618273911090581 -5.7301155106783 3.3000000000000003
    endloop
  endfacet
  facet normal -0.39714789063478095 0.917754625683981 0
    outer loop
      vertex 2.2179504299251844 -5.601903327476715 3.3000000000000003
      vertex 2.2179504299251844 -5.601903327476715 6
      vertex 2.5653202316795634 -5.451582991107768 3.3000000000000003
    endloop
  endfacet
  facet normal -0.3387379202452902 0.9408807689542258 0
    outer loop
      vertex 1.8618273911090581 -5.7301155106783 3.3000000000000003
      vertex 1.8618273911090581 -5.7301155106783 6
      vertex 2.2179504299251844 -5.601903327476715 3.3000000000000003
    endloop
  endfacet
  facet normal -0.4539904997395469 0.8910065241883679 0
    outer loop
      vertex 2.5653202316795634 -5.451582991107768 3.3000000000000003
      vertex 2.5653202316795634 -5.451582991107768 6
      vertex 2.9025658864628343 -5.279747747264278 3.3000000000000003
    endloop
  endfacet
  facet normal -0.5090414157503712 0.8607420270039438 -3.2775343211102978e-18
    outer loop
      vertex 3.228356439748455 -5.087075751149641 3.3000000000000003
      vertex 2.9025658864628343 -5.279747747264278 3.3000000000000003
      vertex 2.9025658864628343 -5.279747747264278 6
    endloop
  endfacet
  facet normal -0.5620833778521291 0.8270805742745627 0
    outer loop
      vertex 3.228356439748455 -5.087075751149641 3.3000000000000003
      vertex 3.228356439748455 -5.087075751149641 6
      vertex 3.541406145062151 -4.874327391109059 3.3000000000000003
    endloop
  endfacet
  facet normal -0.9995065603657315 0.0314107590781281 -1.6523951786383815e-19
    outer loop
      vertex 6.025 0 3.3000000000000003
      vertex 6.013111038780337 -0.3783128801641131 3.3000000000000003
      vertex 6.013111038780337 -0.3783128801641131 6
    endloop
  endfacet
  facet normal -0.99556196460308 0.09410831331851345 3.599146941140674e-19
    outer loop
      vertex 6.013111038780337 -0.3783128801641131 3.3000000000000003
      vertex 5.97749107541973 -0.7551327322249332 3.3000000000000003
      vertex 5.97749107541973 -0.7551327322249332 6
    endloop
  endfacet
  facet normal -0.9876883405951378 0.1564344650402309 4.258482466952599e-19
    outer loop
      vertex 5.97749107541973 -0.7551327322249332 3.3000000000000003
      vertex 5.91828068564035 -1.128972420378991 3.3000000000000003
      vertex 5.91828068564035 -1.128972420378991 6
    endloop
  endfacet
  facet normal -0.9177546256839823 0.3971478906347778 2.653835151074392e-18
    outer loop
      vertex 5.601903327476714 -2.217950429925185 3.3000000000000003
      vertex 5.4515829911077684 -2.565320231679563 3.3000000000000003
      vertex 5.4515829911077684 -2.565320231679563 6
    endloop
  endfacet
  facet normal -0.9759167619387471 0.21814324139654398 -1.1974018736856346e-18
    outer loop
      vertex 5.91828068564035 -1.128972420378991 3.3000000000000003
      vertex 5.835713545800003 -1.4983565701682502 3.3000000000000003
      vertex 5.835713545800003 -1.4983565701682502 6
    endloop
  endfacet
  facet normal -0.9602936856769427 0.27899110603923 3.318308684287251e-18
    outer loop
      vertex 5.835713545800003 -1.4983565701682502 3.3000000000000003
      vertex 5.7301155106783 -1.8618273911090581 3.3000000000000003
      vertex 5.7301155106783 -1.8618273911090581 6
    endloop
  endfacet
  facet normal -0.9408807689542253 0.338737920245292 -3.078952305492442e-18
    outer loop
      vertex 5.7301155106783 -1.8618273911090581 3.3000000000000003
      vertex 5.601903327476714 -2.217950429925185 3.3000000000000003
      vertex 5.601903327476714 -2.217950429925185 6
    endloop
  endfacet
  facet normal -0.8607420270039431 0.5090414157503722 0
    outer loop
      vertex 5.087075751149641 -3.228356439748455 3.3000000000000003
      vertex 5.087075751149641 -3.228356439748455 6
      vertex 5.279747747264278 -2.902565886462835 3.3000000000000003
    endloop
  endfacet
  facet normal -0.8910065241883676 0.4539904997395473 2.288478510450825e-18
    outer loop
      vertex 5.4515829911077684 -2.565320231679563 3.3000000000000003
      vertex 5.279747747264278 -2.902565886462835 3.3000000000000003
      vertex 5.279747747264278 -2.902565886462835 6
    endloop
  endfacet
  facet normal 0 0 1
    outer loop
      vertex 5.0870757511496425 3.2283564397484525 3.3000000000000003
      vertex 4.874327391109059 -3.541406145062151 3.3000000000000003
      vertex 5.087075751149641 -3.228356439748455 3.3000000000000003
    endloop
  endfacet
  facet normal 0 0 1
    outer loop
      vertex 5.2797477472642775 2.902565886462835 3.3000000000000003
      vertex 5.087075751149641 -3.228356439748455 3.3000000000000003
      vertex 5.279747747264278 -2.902565886462835 3.3000000000000003
    endloop
  endfacet
  facet normal 0 0 1
    outer loop
      vertex 5.601903327476714 2.217950429925187 3.3000000000000003
      vertex 5.4515829911077684 -2.565320231679563 3.3000000000000003
      vertex 5.601903327476714 -2.217950429925185 3.3000000000000003
    endloop
  endfacet
  facet normal 0 0 1
    outer loop
      vertex 5.4515829911077684 2.5653202316795616 3.3000000000000003
      vertex 5.279747747264278 -2.902565886462835 3.3000000000000003
      vertex 5.4515829911077684 -2.565320231679563 3.3000000000000003
    endloop
  endfacet
  facet normal 0 0 1
    outer loop
      vertex 5.835713545800004 1.498356570168248 3.3000000000000003
      vertex 5.7301155106783 -1.8618273911090581 3.3000000000000003
      vertex 5.835713545800003 -1.4983565701682502 3.3000000000000003
    endloop
  endfacet
  facet normal 0 0 1
    outer loop
      vertex 5.918280685640349 1.1289724203789921 3.3000000000000003
      vertex 5.835713545800003 -1.4983565701682502 3.3000000000000003
      vertex 5.91828068564035 -1.128972420378991 3.3000000000000003
    endloop
  endfacet
  facet normal 0 0 1
    outer loop
      vertex 6.013111038780337 0.37831288016411546 3.3000000000000003
      vertex 6.013111038780337 -0.3783128801641131 3.3000000000000003
      vertex 6.025 0 3.3000000000000003
    endloop
  endfacet
  facet normal 0 0 1
    outer loop
      vertex 6.013111038780337 0.37831288016411546 3.3000000000000003
      vertex 5.97749107541973 -0.7551327322249332 3.3000000000000003
      vertex 6.013111038780337 -0.3783128801641131 3.3000000000000003
    endloop
  endfacet
  facet normal 0 0 1
    outer loop
      vertex 5.97749107541973 0.755132732224932 3.3000000000000003
      vertex 5.91828068564035 -1.128972420378991 3.3000000000000003
      vertex 5.97749107541973 -0.7551327322249332 3.3000000000000003
    endloop
  endfacet
  facet normal 0 0 1
    outer loop
      vertex 5.7301155106783 1.8618273911090581 3.3000000000000003
      vertex 5.601903327476714 -2.217950429925185 3.3000000000000003
      vertex 5.7301155106783 -1.8618273911090581 3.3000000000000003
    endloop
  endfacet
  facet normal 0 0 -1
    outer loop
      vertex -9.144495993852615 4.058728255331516 0.9000000000000004
      vertex -8.989987500011921 4.083200000226498 0.9000000000000004
      vertex -7.518587499856949 2.289774999022484 0.9000000000000004
    endloop
  endfacet
  facet normal 0 0 -1
    outer loop
      vertex -9.144495993852615 4.058728255331516 0.9000000000000004
      vertex -7.518587499856949 2.289774999022484 0.9000000000000004
      vertex -9.489987500011921 3.5832000002264977 0.9000000000000004
    endloop
  endfacet
  facet normal 0 0 -1
    outer loop
      vertex -9.489987500011921 3.5832000002264977 0.9000000000000004
      vertex -7.518587499856949 2.289774999022484 0.9000000000000004
      vertex -9.489987500011921 -3.5829000025987625 0.9000000000000004
    endloop
  endfacet
  facet normal 0 0 -1
    outer loop
      vertex -8.989987500011921 4.083200000226498 0.9000000000000004
      vertex -4.397437497973442 4.083200000226498 0.9000000000000004
      vertex -7.518587499856949 2.289774999022484 0.9000000000000004
    endloop
  endfacet
  facet normal 0 0 -1
    outer loop
      vertex -7.518587499856949 2.289774999022484 0.9000000000000004
      vertex -4.397437497973442 4.083200000226498 0.9000000000000004
      vertex -3.9219092428684235 3.737708494067192 0.9000000000000004
    endloop
  endfacet
  facet normal 0 0 -1
    outer loop
      vertex -7.518587499856949 2.289774999022484 0.9000000000000004
      vertex -3.9219092428684235 3.737708494067192 0.9000000000000004
      vertex -3.897437497973442 3.5832000002264977 0.9000000000000004
    endloop
  endfacet
  facet normal 0 0 -1
    outer loop
      vertex -7.518587499856949 2.289774999022484 0.9000000000000004
      vertex -3.897437497973442 3.5832000002264977 0.9000000000000004
      vertex -4.397437497973442 2.289774999022484 0.9000000000000004
    endloop
  endfacet
  facet normal 0.1564344873192559 -0.9876883370664864 0
    outer loop
      vertex -9.144495993852615 4.058728255331516 0.9000000000000004
      vertex -9.144495993852615 4.058728255331516 0
      vertex -8.989987500011921 4.083200000226498 0.9000000000000004
    endloop
  endfacet
  facet normal 0.8090169898789752 -0.5877852584806479 0
    outer loop
      vertex -9.144495993852615 4.058728255331516 0.9000000000000004
      vertex -9.489987500011921 3.5832000002264977 0.9000000000000004
      vertex -9.489987500011921 3.5832000002264977 0
    endloop
  endfacet
  facet normal 0.8090169898789752 -0.5877852584806479 0
    outer loop
      vertex -9.144495993852615 4.058728255331516 0.9000000000000004
      vertex -9.489987500011921 3.5832000002264977 0
      vertex -9.144495993852615 4.058728255331516 0
    endloop
  endfacet
  facet normal 0.1564344873192559 -0.9876883370664864 0
    outer loop
      vertex -8.989987500011921 4.083200000226498 0.9000000000000004
      vertex -9.144495993852615 4.058728255331516 0
      vertex -8.989987500011921 4.083200000226498 0
    endloop
  endfacet
  facet normal -1 0 0
    outer loop
      vertex -7.518587499856949 2.289774999022484 0.9000000000000004
      vertex -7.518587499856949 2.289774999022484 0
      vertex -7.518587499856949 -3.5829000025987625 0.9000000000000004
    endloop
  endfacet
  facet normal 1 0 0
    outer loop
      vertex -9.489987500011921 3.5832000002264977 0.9000000000000004
      vertex -9.489987500011921 -3.5829000025987625 0
      vertex -9.489987500011921 3.5832000002264977 0
    endloop
  endfacet
  facet normal 0 -1 0
    outer loop
      vertex -8.989987500011921 4.083200000226498 0.9000000000000004
      vertex -8.989987500011921 4.083200000226498 0
      vertex -4.397437497973442 4.083200000226498 0.9000000000000004
    endloop
  endfacet
  facet normal 0 -1 0
    outer loop
      vertex -4.397437497973442 4.083200000226498 0.9000000000000004
      vertex -8.989987500011921 4.083200000226498 0
      vertex -4.397437497973442 4.083200000226498 0
    endloop
  endfacet
  facet normal 0 1 0
    outer loop
      vertex -7.518587499856949 2.289774999022484 0.9000000000000004
      vertex -4.397437497973442 2.289774999022484 0.9000000000000004
      vertex -4.397437497973442 2.289774999022484 0
    endloop
  endfacet
  facet normal 0 1 0
    outer loop
      vertex -7.518587499856949 2.289774999022484 0.9000000000000004
      vertex -4.397437497973442 2.289774999022484 0
      vertex -7.518587499856949 2.289774999022484 0
    endloop
  endfacet
  facet normal 0 0 -1
    outer loop
      vertex -3.897437497973442 3.5832000002264977 0.9000000000000004
      vertex -3.897437497973442 2.789774999022484 0.9000000000000004
      vertex -4.397437497973442 2.289774999022484 0.9000000000000004
    endloop
  endfacet
  facet normal 0 0 -1
    outer loop
      vertex -3.696762502193451 3.5832000002264977 0.9000000000000004
      vertex -3.3512709960341454 4.058728255331516 0.9000000000000004
      vertex -1.7253625020384789 2.289774999022484 0.9000000000000004
    endloop
  endfacet
  facet normal 0 0 -1
    outer loop
      vertex -3.3512709960341454 4.058728255331516 0.9000000000000004
      vertex -3.196762502193451 4.083200000226498 0.9000000000000004
      vertex -1.7253625020384789 2.289774999022484 0.9000000000000004
    endloop
  endfacet
  facet normal 0 0 -1
    outer loop
      vertex -4.397437497973442 2.289774999022484 0.9000000000000004
      vertex -3.897437497973442 2.789774999022484 0.9000000000000004
      vertex -4.242929004132748 2.314246743917465 0.9000000000000004
    endloop
  endfacet
  facet normal 0 0 -1
    outer loop
      vertex -3.696762502193451 3.5832000002264977 0.9000000000000004
      vertex -1.7253625020384789 0.7925750017166138 0.9000000000000004
      vertex -3.696762502193451 -3.5829000025987625 0.9000000000000004
    endloop
  endfacet
  facet normal 0 0 -1
    outer loop
      vertex -3.196762502193451 4.083200000226498 0.9000000000000004
      vertex 2.448562502861023 4.083200000226498 0.9000000000000004
      vertex -1.7253625020384789 2.289774999022484 0.9000000000000004
    endloop
  endfacet
  facet normal 0 0 -1
    outer loop
      vertex -3.696762502193451 3.5832000002264977 0.9000000000000004
      vertex -1.7253625020384789 2.289774999022484 0.9000000000000004
      vertex -1.7253625020384789 0.7925750017166138 0.9000000000000004
    endloop
  endfacet
  facet normal -0.5877852584806479 -0.8090169898789752 0
    outer loop
      vertex -4.397437497973442 4.083200000226498 0.9000000000000004
      vertex -4.397437497973442 4.083200000226498 0
      vertex -3.9219092428684235 3.737708494067192 0.9000000000000004
    endloop
  endfacet
  facet normal -0.9876883370664864 -0.1564344873192559 0
    outer loop
      vertex -3.9219092428684235 3.737708494067192 0.9000000000000004
      vertex -3.9219092428684235 3.737708494067192 0
      vertex -3.897437497973442 3.5832000002264977 0.9000000000000004
    endloop
  endfacet
  facet normal -1 0 0
    outer loop
      vertex -3.897437497973442 3.5832000002264977 0.9000000000000004
      vertex -3.897437497973442 3.5832000002264977 0
      vertex -3.897437497973442 2.789774999022484 0.9000000000000004
    endloop
  endfacet
  facet normal -0.8090169898789752 0.5877852584806479 0
    outer loop
      vertex -4.242929004132748 2.314246743917465 0.9000000000000004
      vertex -3.897437497973442 2.789774999022484 0.9000000000000004
      vertex -3.897437497973442 2.789774999022484 0
    endloop
  endfacet
  facet normal 0.1564344873192559 -0.9876883370664864 0
    outer loop
      vertex -3.3512709960341454 4.058728255331516 0.9000000000000004
      vertex -3.3512709960341454 4.058728255331516 0
      vertex -3.196762502193451 4.083200000226498 0.9000000000000004
    endloop
  endfacet
  facet normal 0.8090169898789752 -0.5877852584806479 0
    outer loop
      vertex -3.696762502193451 3.5832000002264977 0.9000000000000004
      vertex -3.696762502193451 3.5832000002264977 0
      vertex -3.3512709960341454 4.058728255331516 0.9000000000000004
    endloop
  endfacet
  facet normal -0.5877852584806479 -0.8090169898789752 0
    outer loop
      vertex -3.9219092428684235 3.737708494067192 0.9000000000000004
      vertex -4.397437497973442 4.083200000226498 0
      vertex -3.9219092428684235 3.737708494067192 0
    endloop
  endfacet
  facet normal -0.9876883370664864 -0.1564344873192559 0
    outer loop
      vertex -3.897437497973442 3.5832000002264977 0.9000000000000004
      vertex -3.9219092428684235 3.737708494067192 0
      vertex -3.897437497973442 3.5832000002264977 0
    endloop
  endfacet
  facet normal -1 0 0
    outer loop
      vertex -3.897437497973442 2.789774999022484 0.9000000000000004
      vertex -3.897437497973442 3.5832000002264977 0
      vertex -3.897437497973442 2.789774999022484 0
    endloop
  endfacet
  facet normal 0.8090169898789752 -0.5877852584806479 0
    outer loop
      vertex -3.3512709960341454 4.058728255331516 0.9000000000000004
      vertex -3.696762502193451 3.5832000002264977 0
      vertex -3.3512709960341454 4.058728255331516 0
    endloop
  endfacet
  facet normal 0.1564344873192559 -0.9876883370664864 0
    outer loop
      vertex -3.196762502193451 4.083200000226498 0.9000000000000004
      vertex -3.3512709960341454 4.058728255331516 0
      vertex -3.196762502193451 4.083200000226498 0
    endloop
  endfacet
  facet normal -0.1564344873192559 0.9876883370664864 0
    outer loop
      vertex -4.397437497973442 2.289774999022484 0.9000000000000004
      vertex -4.242929004132748 2.314246743917465 0.9000000000000004
      vertex -4.242929004132748 2.314246743917465 0
    endloop
  endfacet
  facet normal -0.1564344873192559 0.9876883370664864 0
    outer loop
      vertex -4.397437497973442 2.289774999022484 0.9000000000000004
      vertex -4.242929004132748 2.314246743917465 0
      vertex -4.397437497973442 2.289774999022484 0
    endloop
  endfacet
  facet normal -0.8090169898789752 0.5877852584806479 0
    outer loop
      vertex -4.242929004132748 2.314246743917465 0.9000000000000004
      vertex -3.897437497973442 2.789774999022484 0
      vertex -4.242929004132748 2.314246743917465 0
    endloop
  endfacet
  facet normal 1 0 0
    outer loop
      vertex -3.696762502193451 3.5832000002264977 0.9000000000000004
      vertex -3.696762502193451 -3.5829000025987625 0
      vertex -3.696762502193451 3.5832000002264977 0
    endloop
  endfacet
  facet normal 0 -1 0
    outer loop
      vertex -3.196762502193451 4.083200000226498 0.9000000000000004
      vertex -3.196762502193451 4.083200000226498 0
      vertex 2.448562502861023 4.083200000226498 0.9000000000000004
    endloop
  endfacet
  facet normal -1 0 0
    outer loop
      vertex -1.7253625020384789 2.289774999022484 0.9000000000000004
      vertex -1.7253625020384789 2.289774999022484 0
      vertex -1.7253625020384789 0.7925750017166138 0.9000000000000004
    endloop
  endfacet
  facet normal 0 -1 0
    outer loop
      vertex -1.7253625020384789 0.7925750017166138 0.9000000000000004
      vertex -1.7253625020384789 0.7925750017166138 0
      vertex 1.9348874986171722 0.7925750017166138 0.9000000000000004
    endloop
  endfacet
  facet normal -1 0 0
    outer loop
      vertex -1.7253625020384789 0.7925750017166138 0.9000000000000004
      vertex -1.7253625020384789 2.289774999022484 0
      vertex -1.7253625020384789 0.7925750017166138 0
    endloop
  endfacet
  facet normal 0 1 0
    outer loop
      vertex -1.7253625020384789 2.289774999022484 0.9000000000000004
      vertex 2.448562502861023 2.289774999022484 0
      vertex -1.7253625020384789 2.289774999022484 0
    endloop
  endfacet
  facet normal 0 0 -1
    outer loop
      vertex -7.518587499856949 2.289774999022484 0.9000000000000004
      vertex -7.518587499856949 -3.5829000025987625 0.9000000000000004
      vertex -9.489987500011921 -3.5829000025987625 0.9000000000000004
    endloop
  endfacet
  facet normal 0 0 -1
    outer loop
      vertex -9.489987500011921 -3.5829000025987625 0.9000000000000004
      vertex -7.518587499856949 -3.5829000025987625 0.9000000000000004
      vertex -9.46551575511694 -3.737408496439457 0.9000000000000004
    endloop
  endfacet
  facet normal 0 0 -1
    outer loop
      vertex -9.46551575511694 -3.737408496439457 0.9000000000000004
      vertex -7.518587499856949 -3.5829000025987625 0.9000000000000004
      vertex -8.989987500011921 -4.0829000025987625 0.9000000000000004
    endloop
  endfacet
  facet normal 0 0 -1
    outer loop
      vertex -8.989987500011921 -4.0829000025987625 0.9000000000000004
      vertex -7.518587499856949 -3.5829000025987625 0.9000000000000004
      vertex -8.018587499856949 -4.0829000025987625 0.9000000000000004
    endloop
  endfacet
  facet normal 0 0 -1
    outer loop
      vertex -7.518587499856949 -3.5829000025987625 0.9000000000000004
      vertex -7.864079006016254 -4.058428257703781 0.9000000000000004
      vertex -8.018587499856949 -4.0829000025987625 0.9000000000000004
    endloop
  endfacet
  facet normal 1 0 0
    outer loop
      vertex -9.489987500011921 3.5832000002264977 0.9000000000000004
      vertex -9.489987500011921 -3.5829000025987625 0.9000000000000004
      vertex -9.489987500011921 -3.5829000025987625 0
    endloop
  endfacet
  facet normal -1 0 0
    outer loop
      vertex -7.518587499856949 -3.5829000025987625 0.9000000000000004
      vertex -7.518587499856949 2.289774999022484 0
      vertex -7.518587499856949 -3.5829000025987625 0
    endloop
  endfacet
  facet normal 0.9876883370664864 0.1564344873192559 0
    outer loop
      vertex -9.489987500011921 -3.5829000025987625 0.9000000000000004
      vertex -9.46551575511694 -3.737408496439457 0.9000000000000004
      vertex -9.46551575511694 -3.737408496439457 0
    endloop
  endfacet
  facet normal 0.5877852584806479 0.8090169898789752 0
    outer loop
      vertex -9.46551575511694 -3.737408496439457 0.9000000000000004
      vertex -8.989987500011921 -4.0829000025987625 0.9000000000000004
      vertex -8.989987500011921 -4.0829000025987625 0
    endloop
  endfacet
  facet normal -0.8090169898789752 0.5877852584806479 0
    outer loop
      vertex -7.518587499856949 -3.5829000025987625 0.9000000000000004
      vertex -7.518587499856949 -3.5829000025987625 0
      vertex -7.864079006016254 -4.058428257703781 0.9000000000000004
    endloop
  endfacet
  facet normal 0 1 0
    outer loop
      vertex -8.989987500011921 -4.0829000025987625 0.9000000000000004
      vertex -8.018587499856949 -4.0829000025987625 0.9000000000000004
      vertex -8.018587499856949 -4.0829000025987625 0
    endloop
  endfacet
  facet normal -0.1564344873192559 0.9876883370664864 0
    outer loop
      vertex -8.018587499856949 -4.0829000025987625 0.9000000000000004
      vertex -7.864079006016254 -4.058428257703781 0.9000000000000004
      vertex -7.864079006016254 -4.058428257703781 0
    endloop
  endfacet
  facet normal 0.9876883370664864 0.1564344873192559 0
    outer loop
      vertex -9.489987500011921 -3.5829000025987625 0.9000000000000004
      vertex -9.46551575511694 -3.737408496439457 0
      vertex -9.489987500011921 -3.5829000025987625 0
    endloop
  endfacet
  facet normal 0.5877852584806479 0.8090169898789752 0
    outer loop
      vertex -9.46551575511694 -3.737408496439457 0.9000000000000004
      vertex -8.989987500011921 -4.0829000025987625 0
      vertex -9.46551575511694 -3.737408496439457 0
    endloop
  endfacet
  facet normal 0 1 0
    outer loop
      vertex -8.989987500011921 -4.0829000025987625 0.9000000000000004
      vertex -8.018587499856949 -4.0829000025987625 0
      vertex -8.989987500011921 -4.0829000025987625 0
    endloop
  endfacet
  facet normal -0.1564344873192559 0.9876883370664864 0
    outer loop
      vertex -8.018587499856949 -4.0829000025987625 0.9000000000000004
      vertex -7.864079006016254 -4.058428257703781 0
      vertex -8.018587499856949 -4.0829000025987625 0
    endloop
  endfacet
  facet normal -0.8090169898789752 0.5877852584806479 0
    outer loop
      vertex -7.864079006016254 -4.058428257703781 0.9000000000000004
      vertex -7.518587499856949 -3.5829000025987625 0
      vertex -7.864079006016254 -4.058428257703781 0
    endloop
  endfacet
  facet normal 0 0 -1
    outer loop
      vertex -1.7253625020384789 -2.2894750013947487 0.9000000000000004
      vertex -3.6722907572984695 -3.737408496439457 0.9000000000000004
      vertex -3.696762502193451 -3.5829000025987625 0.9000000000000004
    endloop
  endfacet
  facet normal 0 0 -1
    outer loop
      vertex -1.7253625020384789 -2.2894750013947487 0.9000000000000004
      vertex -3.196762502193451 -4.0829000025987625 0.9000000000000004
      vertex -3.6722907572984695 -3.737408496439457 0.9000000000000004
    endloop
  endfacet
  facet normal 0 0 -1
    outer loop
      vertex -1.7253625020384789 0.7925750017166138 0.9000000000000004
      vertex -1.7253625020384789 -0.9906499981880188 0.9000000000000004
      vertex -3.696762502193451 -3.5829000025987625 0.9000000000000004
    endloop
  endfacet
  facet normal 0 0 -1
    outer loop
      vertex -1.7253625020384789 -0.9906499981880188 0.9000000000000004
      vertex -1.7253625020384789 -2.2894750013947487 0.9000000000000004
      vertex -3.696762502193451 -3.5829000025987625 0.9000000000000004
    endloop
  endfacet
  facet normal 0 0 -1
    outer loop
      vertex -1.7253625020384789 0.7925750017166138 0.9000000000000004
      vertex 1.9348874986171722 -0.9906499981880188 0.9000000000000004
      vertex -1.7253625020384789 -0.9906499981880188 0.9000000000000004
    endloop
  endfacet
  facet normal 0 0 -1
    outer loop
      vertex -1.7253625020384789 -2.2894750013947487 0.9000000000000004
      vertex 2.2400624975562096 -4.0829000025987625 0.9000000000000004
      vertex -3.196762502193451 -4.0829000025987625 0.9000000000000004
    endloop
  endfacet
  facet normal 1 0 0
    outer loop
      vertex -3.696762502193451 3.5832000002264977 0.9000000000000004
      vertex -3.696762502193451 -3.5829000025987625 0.9000000000000004
      vertex -3.696762502193451 -3.5829000025987625 0
    endloop
  endfacet
  facet normal 0.9876883370664864 0.1564344873192559 0
    outer loop
      vertex -3.696762502193451 -3.5829000025987625 0.9000000000000004
      vertex -3.6722907572984695 -3.737408496439457 0.9000000000000004
      vertex -3.6722907572984695 -3.737408496439457 0
    endloop
  endfacet
  facet normal 0.5877852584806479 0.8090169898789752 0
    outer loop
      vertex -3.6722907572984695 -3.737408496439457 0.9000000000000004
      vertex -3.196762502193451 -4.0829000025987625 0.9000000000000004
      vertex -3.196762502193451 -4.0829000025987625 0
    endloop
  endfacet
  facet normal 0.9876883370664864 0.1564344873192559 0
    outer loop
      vertex -3.696762502193451 -3.5829000025987625 0.9000000000000004
      vertex -3.6722907572984695 -3.737408496439457 0
      vertex -3.696762502193451 -3.5829000025987625 0
    endloop
  endfacet
  facet normal 0.5877852584806479 0.8090169898789752 0
    outer loop
      vertex -3.6722907572984695 -3.737408496439457 0.9000000000000004
      vertex -3.196762502193451 -4.0829000025987625 0
      vertex -3.6722907572984695 -3.737408496439457 0
    endloop
  endfacet
  facet normal -1 0 0
    outer loop
      vertex -1.7253625020384789 -0.9906499981880188 0.9000000000000004
      vertex -1.7253625020384789 -0.9906499981880188 0
      vertex -1.7253625020384789 -2.2894750013947487 0.9000000000000004
    endloop
  endfacet
  facet normal 0 -1 0
    outer loop
      vertex -1.7253625020384789 -2.2894750013947487 0.9000000000000004
      vertex -1.7253625020384789 -2.2894750013947487 0
      vertex 2.2400624975562096 -2.2894750013947487 0.9000000000000004
    endloop
  endfacet
  facet normal -1 0 0
    outer loop
      vertex -1.7253625020384789 -2.2894750013947487 0.9000000000000004
      vertex -1.7253625020384789 -0.9906499981880188 0
      vertex -1.7253625020384789 -2.2894750013947487 0
    endloop
  endfacet
  facet normal 0 1 0
    outer loop
      vertex -1.7253625020384789 -0.9906499981880188 0.9000000000000004
      vertex 1.9348874986171722 -0.9906499981880188 0
      vertex -1.7253625020384789 -0.9906499981880188 0
    endloop
  endfacet
  facet normal 0 1 0
    outer loop
      vertex -3.196762502193451 -4.0829000025987625 0.9000000000000004
      vertex 2.2400624975562096 -4.0829000025987625 0
      vertex -3.196762502193451 -4.0829000025987625 0
    endloop
  endfacet
  facet normal 0 0 -1
    outer loop
      vertex -1.7253625020384789 2.289774999022484 0.9000000000000004
      vertex 2.448562502861023 4.083200000226498 0.9000000000000004
      vertex 2.7304424196481705 3.87840224057436 0.9000000000000004
    endloop
  endfacet
  facet normal 0 0 -1
    outer loop
      vertex -1.7253625020384789 2.289774999022484 0.9000000000000004
      vertex 2.948562502861023 2.9853964671492577 0.9000000000000004
      vertex 2.448562502861023 2.289774999022484 0.9000000000000004
    endloop
  endfacet
  facet normal 0 0 -1
    outer loop
      vertex -1.7253625020384789 2.289774999022484 0.9000000000000004
      vertex 2.7304424196481705 3.87840224057436 0.9000000000000004
      vertex 2.948562502861023 2.9853964671492577 0.9000000000000004
    endloop
  endfacet
  facet normal 0 0 -1
    outer loop
      vertex -1.7253625020384789 0.7925750017166138 0.9000000000000004
      vertex 1.9348874986171722 0.7925750017166138 0.9000000000000004
      vertex 2.4348874986171722 0.29257500171661377 0.9000000000000004
    endloop
  endfacet
  facet normal 0 0 -1
    outer loop
      vertex -1.7253625020384789 0.7925750017166138 0.9000000000000004
      vertex 2.4348874986171722 0.29257500171661377 0.9000000000000004
      vertex 2.4348874986171722 -0.4906499981880188 0.9000000000000004
    endloop
  endfacet
  facet normal 0 0 -1
    outer loop
      vertex 1.9348874986171722 0.7925750017166138 0.9000000000000004
      vertex 2.410415753722191 0.4470834955573082 0.9000000000000004
      vertex 2.4348874986171722 0.29257500171661377 0.9000000000000004
    endloop
  endfacet
  facet normal 0 0 -1
    outer loop
      vertex 2.7304424196481705 3.87840224057436 0.9000000000000004
      vertex 3.1305375024676323 4.083200000226498 0.9000000000000004
      vertex 2.948562502861023 2.9853964671492577 0.9000000000000004
    endloop
  endfacet
  facet normal 0 0 -1
    outer loop
      vertex 2.448562502861023 2.289774999022484 0.9000000000000004
      vertex 2.948562502861023 2.9853964671492577 0.9000000000000004
      vertex 2.948562502861023 2.789774999022484 0.9000000000000004
    endloop
  endfacet
  facet normal 0 0 -1
    outer loop
      vertex 3.1305375024676323 4.083200000226498 0.9000000000000004
      vertex 4.203712500631809 4.083200000226498 0.9000000000000004
      vertex 2.948562502861023 2.9853964671492577 0.9000000000000004
    endloop
  endfacet
  facet normal 0 0 -1
    outer loop
      vertex 4.203712500631809 4.083200000226498 0.9000000000000004
      vertex 4.613080151379108 3.8702855706214905 0.9000000000000004
      vertex 2.948562502861023 2.9853964671492577 0.9000000000000004
    endloop
  endfacet
  facet normal 0 0 -1
    outer loop
      vertex 4.613080151379108 3.8702855706214905 0.9000000000000004
      vertex 6.396515712141991 1.327208124101162 0.9000000000000004
      vertex 2.948562502861023 2.9853964671492577 0.9000000000000004
    endloop
  endfacet
  facet normal 0 0 -1
    outer loop
      vertex 2.448562502861023 2.289774999022484 0.9000000000000004
      vertex 2.948562502861023 2.789774999022484 0.9000000000000004
      vertex 2.6030709967017174 2.314246743917465 0.9000000000000004
    endloop
  endfacet
  facet normal 0 0 -1
    outer loop
      vertex 2.948562502861023 2.9853964671492577 0.9000000000000004
      vertex 6.396515712141991 1.327208124101162 0.9000000000000004
      vertex 5.237082757055759 -0.13994349539279938 0.9000000000000004
    endloop
  endfacet
  facet normal 0 -1 0
    outer loop
      vertex 2.448562502861023 4.083200000226498 0.9000000000000004
      vertex -3.196762502193451 4.083200000226498 0
      vertex 2.448562502861023 4.083200000226498 0
    endloop
  endfacet
  facet normal 0 1 0
    outer loop
      vertex -1.7253625020384789 2.289774999022484 0.9000000000000004
      vertex 2.448562502861023 2.289774999022484 0.9000000000000004
      vertex 2.448562502861023 2.289774999022484 0
    endloop
  endfacet
  facet normal -0.5877852584806479 -0.8090169898789752 0
    outer loop
      vertex 1.9348874986171722 0.7925750017166138 0.9000000000000004
      vertex 1.9348874986171722 0.7925750017166138 0
      vertex 2.410415753722191 0.4470834955573082 0.9000000000000004
    endloop
  endfacet
  facet normal -0.9876883370664864 -0.1564344873192559 0
    outer loop
      vertex 2.410415753722191 0.4470834955573082 0.9000000000000004
      vertex 2.410415753722191 0.4470834955573082 0
      vertex 2.4348874986171722 0.29257500171661377 0.9000000000000004
    endloop
  endfacet
  facet normal -1 0 0
    outer loop
      vertex 2.4348874986171722 0.29257500171661377 0.9000000000000004
      vertex 2.4348874986171722 0.29257500171661377 0
      vertex 2.4348874986171722 -0.4906499981880188 0.9000000000000004
    endloop
  endfacet
  facet normal 0 -1 0
    outer loop
      vertex 1.9348874986171722 0.7925750017166138 0.9000000000000004
      vertex -1.7253625020384789 0.7925750017166138 0
      vertex 1.9348874986171722 0.7925750017166138 0
    endloop
  endfacet
  facet normal -0.5877852584806479 -0.8090169898789752 0
    outer loop
      vertex 2.410415753722191 0.4470834955573082 0.9000000000000004
      vertex 1.9348874986171722 0.7925750017166138 0
      vertex 2.410415753722191 0.4470834955573082 0
    endloop
  endfacet
  facet normal -0.9876883370664864 -0.1564344873192559 0
    outer loop
      vertex 2.4348874986171722 0.29257500171661377 0.9000000000000004
      vertex 2.410415753722191 0.4470834955573082 0
      vertex 2.4348874986171722 0.29257500171661377 0
    endloop
  endfacet
  facet normal -0.5877852754273173 -0.8090169775664988 0
    outer loop
      vertex 2.448562502861023 4.083200000226498 0.9000000000000004
      vertex 2.448562502861023 4.083200000226498 0
      vertex 2.7304424196481705 3.87840224057436 0.9000000000000004
    endloop
  endfacet
  facet normal 0.455648510976508 -0.8901597802894103 0
    outer loop
      vertex 2.7304424196481705 3.87840224057436 0.9000000000000004
      vertex 2.7304424196481705 3.87840224057436 0
      vertex 3.1305375024676323 4.083200000226498 0.9000000000000004
    endloop
  endfacet
  facet normal 0 -1 0
    outer loop
      vertex 3.1305375024676323 4.083200000226498 0.9000000000000004
      vertex 3.1305375024676323 4.083200000226498 0
      vertex 4.203712500631809 4.083200000226498 0.9000000000000004
    endloop
  endfacet
  facet normal -1 0 0
    outer loop
      vertex 2.948562502861023 2.9853964671492577 0.9000000000000004
      vertex 2.948562502861023 2.9853964671492577 0
      vertex 2.948562502861023 2.789774999022484 0.9000000000000004
    endloop
  endfacet
  facet normal -0.8090169898789752 0.5877852584806479 0
    outer loop
      vertex 2.6030709967017174 2.314246743917465 0.9000000000000004
      vertex 2.948562502861023 2.789774999022484 0.9000000000000004
      vertex 2.948562502861023 2.789774999022484 0
    endloop
  endfacet
  facet normal -0.4614265178743264 -0.8871784310962333 0
    outer loop
      vertex 4.203712500631809 4.083200000226498 0.9000000000000004
      vertex 4.203712500631809 4.083200000226498 0
      vertex 4.613080151379108 3.8702855706214905 0.9000000000000004
    endloop
  endfacet
  facet normal -0.5877852754273173 -0.8090169775664988 0
    outer loop
      vertex 2.7304424196481705 3.87840224057436 0.9000000000000004
      vertex 2.448562502861023 4.083200000226498 0
      vertex 2.7304424196481705 3.87840224057436 0
    endloop
  endfacet
  facet normal 0.455648510976508 -0.8901597802894103 0
    outer loop
      vertex 3.1305375024676323 4.083200000226498 0.9000000000000004
      vertex 2.7304424196481705 3.87840224057436 0
      vertex 3.1305375024676323 4.083200000226498 0
    endloop
  endfacet
  facet normal -1 0 0
    outer loop
      vertex 2.948562502861023 2.789774999022484 0.9000000000000004
      vertex 2.948562502861023 2.9853964671492577 0
      vertex 2.948562502861023 2.789774999022484 0
    endloop
  endfacet
  facet normal 0 -1 0
    outer loop
      vertex 4.203712500631809 4.083200000226498 0.9000000000000004
      vertex 3.1305375024676323 4.083200000226498 0
      vertex 4.203712500631809 4.083200000226498 0
    endloop
  endfacet
  facet normal -0.4614265178743264 -0.8871784310962333 0
    outer loop
      vertex 4.613080151379108 3.8702855706214905 0.9000000000000004
      vertex 4.203712500631809 4.083200000226498 0
      vertex 4.613080151379108 3.8702855706214905 0
    endloop
  endfacet
  facet normal -0.1564344873192559 0.9876883370664864 0
    outer loop
      vertex 2.448562502861023 2.289774999022484 0.9000000000000004
      vertex 2.6030709967017174 2.314246743917465 0.9000000000000004
      vertex 2.6030709967017174 2.314246743917465 0
    endloop
  endfacet
  facet normal 0.8068228368516289 0.590793457931526 -1.5922770731466737e-17
    outer loop
      vertex 2.948562502861023 2.9853964671492577 0.9000000000000004
      vertex 5.237082757055759 -0.13994349539279938 0.9000000000000004
      vertex 5.237082757055759 -0.13994349539279938 0
    endloop
  endfacet
  facet normal -0.1564344873192559 0.9876883370664864 0
    outer loop
      vertex 2.448562502861023 2.289774999022484 0.9000000000000004
      vertex 2.6030709967017174 2.314246743917465 0
      vertex 2.448562502861023 2.289774999022484 0
    endloop
  endfacet
  facet normal -0.8090169898789752 0.5877852584806479 0
    outer loop
      vertex 2.6030709967017174 2.314246743917465 0.9000000000000004
      vertex 2.948562502861023 2.789774999022484 0
      vertex 2.6030709967017174 2.314246743917465 0
    endloop
  endfacet
  facet normal 0.8068228368516289 0.590793457931526 0
    outer loop
      vertex 2.948562502861023 2.9853964671492577 0.9000000000000004
      vertex 5.237082757055759 -0.13994349539279938 0
      vertex 2.948562502861023 2.9853964671492577 0
    endloop
  endfacet
  facet normal 0 0 -1
    outer loop
      vertex 8.140035271644592 3.8662369772791862 0.9000000000000004
      vertex 7.5795944556593895 -0.17289793491363525 0.9000000000000004
      vertex 6.396515712141991 1.327208124101162 0.9000000000000004
    endloop
  endfacet
  facet normal 0 0 -1
    outer loop
      vertex 6.396515712141991 1.327208124101162 0.9000000000000004
      vertex 7.5795944556593895 -0.17289793491363525 0.9000000000000004
      vertex 5.237082757055759 -0.13994349539279938 0.9000000000000004
    endloop
  endfacet
  facet normal 0 0 -1
    outer loop
      vertex 8.140035271644592 3.8662369772791862 0.9000000000000004
      vertex 8.552212499082088 4.083200000226498 0.9000000000000004
      vertex 7.5795944556593895 -0.17289793491363525 0.9000000000000004
    endloop
  endfacet
  facet normal 0 0 -1
    outer loop
      vertex 8.552212499082088 4.083200000226498 0.9000000000000004
      vertex 9.625312499701977 4.083200000226498 0.9000000000000004
      vertex 10.033442668616772 3.2943578884005547 0.9000000000000004
    endloop
  endfacet
  facet normal 0 0 -1
    outer loop
      vertex 9.625312499701977 4.083200000226498 0.9000000000000004
      vertex 10.100840754806995 3.737708494067192 0.9000000000000004
      vertex 10.033442668616772 3.2943578884005547 0.9000000000000004
    endloop
  endfacet
  facet normal 0 0 -1
    outer loop
      vertex 8.552212499082088 4.083200000226498 0.9000000000000004
      vertex 10.033442668616772 3.2943578884005547 0.9000000000000004
      vertex 7.5795944556593895 -0.17289793491363525 0.9000000000000004
    endloop
  endfacet
  facet normal -0.8187353094299368 -0.5741711357188426 0
    outer loop
      vertex 4.613080151379108 3.8702855706214905 0.9000000000000004
      vertex 4.613080151379108 3.8702855706214905 0
      vertex 6.396515712141991 1.327208124101162 0.9000000000000004
    endloop
  endfacet
  facet normal 0.8243544570090713 -0.5660739609002338 -1.602042620837823e-16
    outer loop
      vertex 8.140035271644592 3.8662369772791862 0.9000000000000004
      vertex 6.396515712141991 1.327208124101162 0.9000000000000004
      vertex 6.396515712141991 1.327208124101162 0
    endloop
  endfacet
  facet normal -0.8187353094299368 -0.5741711357188426 0
    outer loop
      vertex 6.396515712141991 1.327208124101162 0.9000000000000004
      vertex 4.613080151379108 3.8702855706214905 0
      vertex 6.396515712141991 1.327208124101162 0
    endloop
  endfacet
  facet normal 0.4657929000641012 -0.8848937643863664 0
    outer loop
      vertex 8.140035271644592 3.8662369772791862 0.9000000000000004
      vertex 8.140035271644592 3.8662369772791862 0
      vertex 8.552212499082088 4.083200000226498 0.9000000000000004
    endloop
  endfacet
  facet normal 0 -1 0
    outer loop
      vertex 8.552212499082088 4.083200000226498 0.9000000000000004
      vertex 8.552212499082088 4.083200000226498 0
      vertex 9.625312499701977 4.083200000226498 0.9000000000000004
    endloop
  endfacet
  facet normal -0.5877852584806479 -0.8090169898789752 0
    outer loop
      vertex 9.625312499701977 4.083200000226498 0.9000000000000004
      vertex 9.625312499701977 4.083200000226498 0
      vertex 10.100840754806995 3.737708494067192 0.9000000000000004
    endloop
  endfacet
  facet normal 0.4657929000641012 -0.8848937643863664 0
    outer loop
      vertex 8.552212499082088 4.083200000226498 0.9000000000000004
      vertex 8.140035271644592 3.8662369772791862 0
      vertex 8.552212499082088 4.083200000226498 0
    endloop
  endfacet
  facet normal 0.8243544570090713 -0.5660739609002338 0
    outer loop
      vertex 8.140035271644592 3.8662369772791862 0.9000000000000004
      vertex 6.396515712141991 1.327208124101162 0
      vertex 8.140035271644592 3.8662369772791862 0
    endloop
  endfacet
  facet normal 0 -1 0
    outer loop
      vertex 9.625312499701977 4.083200000226498 0.9000000000000004
      vertex 8.552212499082088 4.083200000226498 0
      vertex 9.625312499701977 4.083200000226498 0
    endloop
  endfacet
  facet normal -0.5877852584806479 -0.8090169898789752 0
    outer loop
      vertex 10.100840754806995 3.737708494067192 0.9000000000000004
      vertex 9.625312499701977 4.083200000226498 0
      vertex 10.100840754806995 3.737708494067192 0
    endloop
  endfacet
  facet normal -0.8162603396099933 0.5776842199504659 0
    outer loop
      vertex 10.033442668616772 3.2943578884005547 0.9000000000000004
      vertex 10.033442668616772 3.2943578884005547 0
      vertex 7.5795944556593895 -0.17289793491363525 0.9000000000000004
    endloop
  endfacet
  facet normal -0.8162603396099933 0.5776842199504659 0
    outer loop
      vertex 7.5795944556593895 -0.17289793491363525 0.9000000000000004
      vertex 10.033442668616772 3.2943578884005547 0
      vertex 7.5795944556593895 -0.17289793491363525 0
    endloop
  endfacet
  facet normal -0.9886414817436405 0.15029311553008332 0
    outer loop
      vertex 10.100840754806995 3.737708494067192 0.9000000000000004
      vertex 10.100840754806995 3.737708494067192 0
      vertex 10.033442668616772 3.2943578884005547 0.9000000000000004
    endloop
  endfacet
  facet normal -0.9886414817436405 0.15029311553008332 0
    outer loop
      vertex 10.033442668616772 3.2943578884005547 0.9000000000000004
      vertex 10.100840754806995 3.737708494067192 0
      vertex 10.033442668616772 3.2943578884005547 0
    endloop
  endfacet
  facet normal 0 0 -1
    outer loop
      vertex -1.7253625020384789 0.7925750017166138 0.9000000000000004
      vertex 2.4348874986171722 -0.4906499981880188 0.9000000000000004
      vertex 2.0893959924578667 -0.9661782532930374 0.9000000000000004
    endloop
  endfacet
  facet normal 0 0 -1
    outer loop
      vertex -1.7253625020384789 0.7925750017166138 0.9000000000000004
      vertex 2.0893959924578667 -0.9661782532930374 0.9000000000000004
      vertex 1.9348874986171722 -0.9906499981880188 0.9000000000000004
    endloop
  endfacet
  facet normal 0 0 -1
    outer loop
      vertex -1.7253625020384789 -2.2894750013947487 0.9000000000000004
      vertex 2.2400624975562096 -2.2894750013947487 0.9000000000000004
      vertex 2.7400624975562096 -2.7894750013947487 0.9000000000000004
    endloop
  endfacet
  facet normal 0 0 -1
    outer loop
      vertex -1.7253625020384789 -2.2894750013947487 0.9000000000000004
      vertex 2.7400624975562096 -3.5829000025987625 0.9000000000000004
      vertex 2.394570991396904 -4.058428257703781 0.9000000000000004
    endloop
  endfacet
  facet normal 0 0 -1
    outer loop
      vertex -1.7253625020384789 -2.2894750013947487 0.9000000000000004
      vertex 2.394570991396904 -4.058428257703781 0.9000000000000004
      vertex 2.2400624975562096 -4.0829000025987625 0.9000000000000004
    endloop
  endfacet
  facet normal 0 0 -1
    outer loop
      vertex -1.7253625020384789 -2.2894750013947487 0.9000000000000004
      vertex 2.7400624975562096 -2.7894750013947487 0.9000000000000004
      vertex 2.7400624975562096 -3.5829000025987625 0.9000000000000004
    endloop
  endfacet
  facet normal 0 0 -1
    outer loop
      vertex 2.2400624975562096 -2.2894750013947487 0.9000000000000004
      vertex 2.715590752661228 -2.6349665075540543 0.9000000000000004
      vertex 2.7400624975562096 -2.7894750013947487 0.9000000000000004
    endloop
  endfacet
  facet normal 0 0 -1
    outer loop
      vertex 2.9354928210377693 -3.2877878919243813 0.9000000000000004
      vertex 3.3391124978661537 -4.0829000025987625 0.9000000000000004
      vertex 2.863584242761135 -3.737408496439457 0.9000000000000004
    endloop
  endfacet
  facet normal 0 0 -1
    outer loop
      vertex 2.9354928210377693 -3.2877878919243813 0.9000000000000004
      vertex 4.412212498486042 -4.0829000025987625 0.9000000000000004
      vertex 3.3391124978661537 -4.0829000025987625 0.9000000000000004
    endloop
  endfacet
  facet normal 0 0 -1
    outer loop
      vertex 2.9354928210377693 -3.2877878919243813 0.9000000000000004
      vertex 5.237082757055759 -0.13994349539279938 0.9000000000000004
      vertex 4.412212498486042 -4.0829000025987625 0.9000000000000004
    endloop
  endfacet
  facet normal 0 0 -1
    outer loop
      vertex 4.412212498486042 -4.0829000025987625 0.9000000000000004
      vertex 5.237082757055759 -0.13994349539279938 0.9000000000000004
      vertex 4.82011952996254 -3.8720571398735046 0.9000000000000004
    endloop
  endfacet
  facet normal 0 1 0
    outer loop
      vertex -1.7253625020384789 -0.9906499981880188 0.9000000000000004
      vertex 1.9348874986171722 -0.9906499981880188 0.9000000000000004
      vertex 1.9348874986171722 -0.9906499981880188 0
    endloop
  endfacet
  facet normal -0.1564344873192559 0.9876883370664864 0
    outer loop
      vertex 1.9348874986171722 -0.9906499981880188 0.9000000000000004
      vertex 2.0893959924578667 -0.9661782532930374 0.9000000000000004
      vertex 2.0893959924578667 -0.9661782532930374 0
    endloop
  endfacet
  facet normal -0.8090169898789752 0.5877852584806479 0
    outer loop
      vertex 2.4348874986171722 -0.4906499981880188 0.9000000000000004
      vertex 2.4348874986171722 -0.4906499981880188 0
      vertex 2.0893959924578667 -0.9661782532930374 0.9000000000000004
    endloop
  endfacet
  facet normal -0.5877852584806479 -0.8090169898789752 0
    outer loop
      vertex 2.2400624975562096 -2.2894750013947487 0.9000000000000004
      vertex 2.2400624975562096 -2.2894750013947487 0
      vertex 2.715590752661228 -2.6349665075540543 0.9000000000000004
    endloop
  endfacet
  facet normal 0 -1 0
    outer loop
      vertex 2.2400624975562096 -2.2894750013947487 0.9000000000000004
      vertex -1.7253625020384789 -2.2894750013947487 0
      vertex 2.2400624975562096 -2.2894750013947487 0
    endloop
  endfacet
  facet normal -1 0 0
    outer loop
      vertex 2.4348874986171722 -0.4906499981880188 0.9000000000000004
      vertex 2.4348874986171722 0.29257500171661377 0
      vertex 2.4348874986171722 -0.4906499981880188 0
    endloop
  endfacet
  facet normal -0.1564344873192559 0.9876883370664864 0
    outer loop
      vertex 1.9348874986171722 -0.9906499981880188 0.9000000000000004
      vertex 2.0893959924578667 -0.9661782532930374 0
      vertex 1.9348874986171722 -0.9906499981880188 0
    endloop
  endfacet
  facet normal -0.8090169898789752 0.5877852584806479 0
    outer loop
      vertex 2.0893959924578667 -0.9661782532930374 0.9000000000000004
      vertex 2.4348874986171722 -0.4906499981880188 0
      vertex 2.0893959924578667 -0.9661782532930374 0
    endloop
  endfacet
  facet normal 0 1 0
    outer loop
      vertex -3.196762502193451 -4.0829000025987625 0.9000000000000004
      vertex 2.2400624975562096 -4.0829000025987625 0.9000000000000004
      vertex 2.2400624975562096 -4.0829000025987625 0
    endloop
  endfacet
  facet normal -0.1564344873192559 0.9876883370664864 0
    outer loop
      vertex 2.2400624975562096 -4.0829000025987625 0.9000000000000004
      vertex 2.394570991396904 -4.058428257703781 0.9000000000000004
      vertex 2.394570991396904 -4.058428257703781 0
    endloop
  endfacet
  facet normal -0.1564344873192559 0.9876883370664864 0
    outer loop
      vertex 2.2400624975562096 -4.0829000025987625 0.9000000000000004
      vertex 2.394570991396904 -4.058428257703781 0
      vertex 2.2400624975562096 -4.0829000025987625 0
    endloop
  endfacet
  facet normal 0.8072393567917081 -0.5902242123519751 0
    outer loop
      vertex 2.9354928210377693 -3.2877878919243813 0.9000000000000004
      vertex 2.9354928210377693 -3.2877878919243813 0
      vertex 5.237082757055759 -0.13994349539279938 0.9000000000000004
    endloop
  endfacet
  facet normal 0.8072393567917081 -0.5902242123519751 0
    outer loop
      vertex 5.237082757055759 -0.13994349539279938 0.9000000000000004
      vertex 2.9354928210377693 -3.2877878919243813 0
      vertex 5.237082757055759 -0.13994349539279938 0
    endloop
  endfacet
  facet normal -0.9876883370664864 -0.1564344873192559 0
    outer loop
      vertex 2.715590752661228 -2.6349665075540543 0.9000000000000004
      vertex 2.715590752661228 -2.6349665075540543 0
      vertex 2.7400624975562096 -2.7894750013947487 0.9000000000000004
    endloop
  endfacet
  facet normal -1 0 0
    outer loop
      vertex 2.7400624975562096 -2.7894750013947487 0.9000000000000004
      vertex 2.7400624975562096 -2.7894750013947487 0
      vertex 2.7400624975562096 -3.5829000025987625 0.9000000000000004
    endloop
  endfacet
  facet normal 0.9874511544475328 -0.15792472124475876 0
    outer loop
      vertex 2.9354928210377693 -3.2877878919243813 0.9000000000000004
      vertex 2.863584242761135 -3.737408496439457 0.9000000000000004
      vertex 2.863584242761135 -3.737408496439457 0
    endloop
  endfacet
  facet normal -0.8090169898789752 0.5877852584806479 0
    outer loop
      vertex 2.7400624975562096 -3.5829000025987625 0.9000000000000004
      vertex 2.394570991396904 -4.058428257703781 0
      vertex 2.394570991396904 -4.058428257703781 0.9000000000000004
    endloop
  endfacet
  facet normal 0.5877852584806479 0.8090169898789752 0
    outer loop
      vertex 2.863584242761135 -3.737408496439457 0.9000000000000004
      vertex 3.3391124978661537 -4.0829000025987625 0.9000000000000004
      vertex 3.3391124978661537 -4.0829000025987625 0
    endloop
  endfacet
  facet normal 0 1 0
    outer loop
      vertex 3.3391124978661537 -4.0829000025987625 0.9000000000000004
      vertex 4.412212498486042 -4.0829000025987625 0.9000000000000004
      vertex 4.412212498486042 -4.0829000025987625 0
    endloop
  endfacet
  facet normal -0.45917629115663783 0.8883451658221789 0
    outer loop
      vertex 4.412212498486042 -4.0829000025987625 0.9000000000000004
      vertex 4.82011952996254 -3.8720571398735046 0.9000000000000004
      vertex 4.82011952996254 -3.8720571398735046 0
    endloop
  endfacet
  facet normal -0.5877852584806479 -0.8090169898789752 0
    outer loop
      vertex 2.715590752661228 -2.6349665075540543 0.9000000000000004
      vertex 2.2400624975562096 -2.2894750013947487 0
      vertex 2.715590752661228 -2.6349665075540543 0
    endloop
  endfacet
  facet normal -0.9876883370664864 -0.1564344873192559 0
    outer loop
      vertex 2.7400624975562096 -2.7894750013947487 0.9000000000000004
      vertex 2.715590752661228 -2.6349665075540543 0
      vertex 2.7400624975562096 -2.7894750013947487 0
    endloop
  endfacet
  facet normal -1 0 0
    outer loop
      vertex 2.7400624975562096 -3.5829000025987625 0.9000000000000004
      vertex 2.7400624975562096 -2.7894750013947487 0
      vertex 2.7400624975562096 -3.5829000025987625 0
    endloop
  endfacet
  facet normal -0.8090169898789752 0.5877852584806479 0
    outer loop
      vertex 2.7400624975562096 -3.5829000025987625 0.9000000000000004
      vertex 2.7400624975562096 -3.5829000025987625 0
      vertex 2.394570991396904 -4.058428257703781 0
    endloop
  endfacet
  facet normal 0.9874511544475328 -0.15792472124475876 0
    outer loop
      vertex 2.9354928210377693 -3.2877878919243813 0.9000000000000004
      vertex 2.863584242761135 -3.737408496439457 0
      vertex 2.9354928210377693 -3.2877878919243813 0
    endloop
  endfacet
  facet normal 0.5877852584806479 0.8090169898789752 0
    outer loop
      vertex 2.863584242761135 -3.737408496439457 0.9000000000000004
      vertex 3.3391124978661537 -4.0829000025987625 0
      vertex 2.863584242761135 -3.737408496439457 0
    endloop
  endfacet
  facet normal 0 1 0
    outer loop
      vertex 3.3391124978661537 -4.0829000025987625 0.9000000000000004
      vertex 4.412212498486042 -4.0829000025987625 0
      vertex 3.3391124978661537 -4.0829000025987625 0
    endloop
  endfacet
  facet normal -0.45917629115663783 0.8883451658221789 0
    outer loop
      vertex 4.412212498486042 -4.0829000025987625 0.9000000000000004
      vertex 4.82011952996254 -3.8720571398735046 0
      vertex 4.412212498486042 -4.0829000025987625 0
    endloop
  endfacet
  facet normal 0 0 -1
    outer loop
      vertex 4.82011952996254 -3.8720571398735046 0.9000000000000004
      vertex 5.237082757055759 -0.13994349539279938 0.9000000000000004
      vertex 6.400097019970417 -1.6432208195328712 0.9000000000000004
    endloop
  endfacet
  facet normal 0 0 -1
    outer loop
      vertex 5.237082757055759 -0.13994349539279938 0.9000000000000004
      vertex 7.5795944556593895 -0.17289793491363525 0.9000000000000004
      vertex 6.400097019970417 -1.6432208195328712 0.9000000000000004
    endloop
  endfacet
  facet normal 0 0 -1
    outer loop
      vertex 7.5795944556593895 -0.17289793491363525 0.9000000000000004
      vertex 7.931897379457951 -3.8665724769234657 0.9000000000000004
      vertex 6.400097019970417 -1.6432208195328712 0.9000000000000004
    endloop
  endfacet
  facet normal 0 0 -1
    outer loop
      vertex 7.5795944556593895 -0.17289793491363525 0.9000000000000004
      vertex 8.343637503683567 -4.0829000025987625 0.9000000000000004
      vertex 7.931897379457951 -3.8665724769234657 0.9000000000000004
    endloop
  endfacet
  facet normal 0 0 -1
    outer loop
      vertex 7.5795944556593895 -0.17289793491363525 0.9000000000000004
      vertex 9.416812501847744 -4.0829000025987625 0.9000000000000004
      vertex 8.343637503683567 -4.0829000025987625 0.9000000000000004
    endloop
  endfacet
  facet normal 0 0 -1
    outer loop
      vertex 7.5795944556593895 -0.17289793491363525 0.9000000000000004
      vertex 9.82269486039877 -3.2909076884388924 0.9000000000000004
      vertex 9.416812501847744 -4.0829000025987625 0.9000000000000004
    endloop
  endfacet
  facet normal 0 0 -1
    outer loop
      vertex 9.82269486039877 -3.2909076884388924 0.9000000000000004
      vertex 9.819938242435455 -3.8786864802241325 0.9000000000000004
      vertex 9.416812501847744 -4.0829000025987625 0.9000000000000004
    endloop
  endfacet
  facet normal -0.8158140697710158 0.5783142775028575 -2.2576194577090432e-17
    outer loop
      vertex 4.82011952996254 -3.8720571398735046 0.9000000000000004
      vertex 6.400097019970417 -1.6432208195328712 0.9000000000000004
      vertex 6.400097019970417 -1.6432208195328712 0
    endloop
  endfacet
  facet normal 0.8234802423591879 0.5673449483727278 0
    outer loop
      vertex 6.400097019970417 -1.6432208195328712 0.9000000000000004
      vertex 7.931897379457951 -3.8665724769234657 0
      vertex 6.400097019970417 -1.6432208195328712 0
    endloop
  endfacet
  facet normal 0.8234802423591879 0.5673449483727278 0
    outer loop
      vertex 6.400097019970417 -1.6432208195328712 0.9000000000000004
      vertex 7.931897379457951 -3.8665724769234657 0.9000000000000004
      vertex 7.931897379457951 -3.8665724769234657 0
    endloop
  endfacet
  facet normal -0.8158140697710158 0.5783142775028575 0
    outer loop
      vertex 4.82011952996254 -3.8720571398735046 0.9000000000000004
      vertex 6.400097019970417 -1.6432208195328712 0
      vertex 4.82011952996254 -3.8720571398735046 0
    endloop
  endfacet
  facet normal -0.8117647165036723 -0.5839846274001675 0
    outer loop
      vertex 7.5795944556593895 -0.17289793491363525 0.9000000000000004
      vertex 7.5795944556593895 -0.17289793491363525 0
      vertex 9.82269486039877 -3.2909076884388924 0.9000000000000004
    endloop
  endfacet
  facet normal -0.8117647165036723 -0.5839846274001675 0
    outer loop
      vertex 9.82269486039877 -3.2909076884388924 0.9000000000000004
      vertex 7.5795944556593895 -0.17289793491363525 0
      vertex 9.82269486039877 -3.2909076884388924 0
    endloop
  endfacet
  facet normal 0.4651102268156134 0.8852527757152353 0
    outer loop
      vertex 7.931897379457951 -3.8665724769234657 0.9000000000000004
      vertex 8.343637503683567 -4.0829000025987625 0.9000000000000004
      vertex 8.343637503683567 -4.0829000025987625 0
    endloop
  endfacet
  facet normal -0.999989002646627 0.004689838569097928 0
    outer loop
      vertex 9.82269486039877 -3.2909076884388924 0.9000000000000004
      vertex 9.82269486039877 -3.2909076884388924 0
      vertex 9.819938242435455 -3.8786864802241325 0.9000000000000004
    endloop
  endfacet
  facet normal 0 1 0
    outer loop
      vertex 8.343637503683567 -4.0829000025987625 0.9000000000000004
      vertex 9.416812501847744 -4.0829000025987625 0.9000000000000004
      vertex 9.416812501847744 -4.0829000025987625 0
    endloop
  endfacet
  facet normal -0.45189989965059274 0.8920686524566281 0
    outer loop
      vertex 9.416812501847744 -4.0829000025987625 0.9000000000000004
      vertex 9.819938242435455 -3.8786864802241325 0.9000000000000004
      vertex 9.819938242435455 -3.8786864802241325 0
    endloop
  endfacet
  facet normal 0.4651102268156134 0.8852527757152353 0
    outer loop
      vertex 7.931897379457951 -3.8665724769234657 0.9000000000000004
      vertex 8.343637503683567 -4.0829000025987625 0
      vertex 7.931897379457951 -3.8665724769234657 0
    endloop
  endfacet
  facet normal 0 1 0
    outer loop
      vertex 8.343637503683567 -4.0829000025987625 0.9000000000000004
      vertex 9.416812501847744 -4.0829000025987625 0
      vertex 8.343637503683567 -4.0829000025987625 0
    endloop
  endfacet
  facet normal -0.999989002646627 0.004689838569097928 0
    outer loop
      vertex 9.819938242435455 -3.8786864802241325 0.9000000000000004
      vertex 9.82269486039877 -3.2909076884388924 0
      vertex 9.819938242435455 -3.8786864802241325 0
    endloop
  endfacet
  facet normal -0.45189989965059274 0.8920686524566281 0
    outer loop
      vertex 9.416812501847744 -4.0829000025987625 0.9000000000000004
      vertex 9.819938242435455 -3.8786864802241325 0
      vertex 9.416812501847744 -4.0829000025987625 0
    endloop
  endfacet
endsolid OpenSCAD_Model
